{
	"credit": "Made with Blockbench",
	"parent": "magenta_glazed_terracotta",
	"textures": {
		"particle": "parkour:frozen_hell/ghast",
		"1": "parkour:frozen_hell/ghast"
	},
	"elements": [
		{
			"from": [0, 1, 0],
			"to": [16, 16, 16],
			"faces": {
				"north": {"uv": [4, 0, 8, 3.75], "texture": "#1"},
				"east": {"uv": [4, 8, 0, 11.75], "texture": "#1"},
				"south": {"uv": [4, 7.5, 8, 11.25], "texture": "#1"},
				"west": {"uv": [0, 8, 4, 11.75], "texture": "#1"},
				"up": {"uv": [4, 4, 0, 0], "texture": "#1"},
				"down": {"uv": [4, 4, 0, 8], "texture": "#1"}
			}
		},
		{
			"from": [12, -7, 9],
			"to": [14, 1, 11],
			"rotation": {"angle": -22.5, "axis": "x", "origin": [8, -4, 8]},
			"faces": {
				"north": {"uv": [5.5, 4.75, 7.5, 6.75], "texture": "#1"},
				"east": {"uv": [5.5, 4.5, 7.5, 6.5], "texture": "#1"},
				"south": {"uv": [7.25, 5.5, 7.25, 6.5], "texture": "#1"},
				"west": {"uv": [8.25, 0.75, 9.25, 1.75], "texture": "#1"},
				"up": {"uv": [34, 10, 32, 8], "texture": "#1"},
				"down": {"uv": [9, 0, 8.5, 0.5], "texture": "#1"}
			}
		},
		{
			"from": [2, -5, 4],
			"to": [4, 3, 6],
			"rotation": {"angle": -22.5, "axis": "x", "origin": [8, -4, 8]},
			"faces": {
				"north": {"uv": [5.5, 4.75, 7.5, 6.75], "texture": "#1"},
				"east": {"uv": [5.5, 4.5, 7.5, 6.5], "texture": "#1"},
				"south": {"uv": [7.25, 5.5, 7.25, 6.5], "texture": "#1"},
				"west": {"uv": [8.25, 6.75, 9.25, 7.75], "texture": "#1"},
				"up": {"uv": [34, 22, 32, 20], "texture": "#1"},
				"down": {"uv": [9, 0, 8.5, 0.5], "texture": "#1"}
			}
		},
		{
			"from": [2, -7, 9],
			"to": [4, 1, 11],
			"rotation": {"angle": -22.5, "axis": "x", "origin": [8, -4, 8]},
			"faces": {
				"north": {"uv": [5.5, 4.75, 7.5, 6.75], "texture": "#1"},
				"east": {"uv": [5.5, 4.5, 7.5, 6.5], "texture": "#1"},
				"south": {"uv": [6.25, 5.5, 5, 6.5], "texture": "#1"},
				"west": {"uv": [8.5, 4, 9.5, 5], "texture": "#1"},
				"up": {"uv": [34, 34, 32, 32], "texture": "#1"},
				"down": {"uv": [9, 0, 8.5, 0.5], "texture": "#1"}
			}
		},
		{
			"from": [7, -5, 4],
			"to": [9, 3, 6],
			"rotation": {"angle": -22.5, "axis": "x", "origin": [8, -4, 8]},
			"faces": {
				"north": {"uv": [5.5, 4.75, 7.5, 6.75], "texture": "#1"},
				"east": {"uv": [5.5, 4.5, 7.5, 6.5], "texture": "#1"},
				"south": {"uv": [6.5, 5.5, 7, 6.5], "texture": "#1"},
				"west": {"uv": [8.5, 4.25, 9.5, 5.25], "texture": "#1"},
				"up": {"uv": [36, 12, 34, 10], "texture": "#1"},
				"down": {"uv": [9, 0, 8.5, 0.5], "texture": "#1"}
			}
		},
		{
			"from": [12, -5, 4],
			"to": [14, 3, 6],
			"rotation": {"angle": -22.5, "axis": "x", "origin": [8, -4, 8]},
			"faces": {
				"north": {"uv": [5.5, 4.75, 7.5, 6.75], "texture": "#1"},
				"east": {"uv": [5.5, 4.5, 7.5, 6.5], "texture": "#1"},
				"south": {"uv": [6.5, 5.5, 7, 6.5], "texture": "#1"},
				"west": {"uv": [8.25, 7, 9.25, 8], "texture": "#1"},
				"up": {"uv": [36, 24, 34, 22], "texture": "#1"},
				"down": {"uv": [9, 0, 8.5, 0.5], "texture": "#1"}
			}
		},
		{
			"from": [12, -9, 14],
			"to": [14, -1, 16],
			"rotation": {"angle": -22.5, "axis": "x", "origin": [8, -4, 8]},
			"faces": {
				"north": {"uv": [5.5, 4.75, 7.5, 6.75], "texture": "#1"},
				"east": {"uv": [5.5, 4.5, 7.5, 6.5], "texture": "#1"},
				"south": {"uv": [6.5, 5.5, 7, 6.5], "texture": "#1"},
				"west": {"uv": [8.25, 4, 9.25, 5], "texture": "#1"},
				"up": {"uv": [36, 34, 34, 32], "texture": "#1"},
				"down": {"uv": [9, 0, 8.5, 0.5], "texture": "#1"}
			}
		},
		{
			"from": [7, -7, 9],
			"to": [9, 1, 11],
			"rotation": {"angle": -22.5, "axis": "x", "origin": [8, -4, 8]},
			"faces": {
				"north": {"uv": [5.5, 4.75, 7.5, 6.75], "texture": "#1"},
				"east": {"uv": [5.5, 4.5, 7.5, 6.5], "texture": "#1"},
				"south": {"uv": [6.5, 5.5, 5, 6.5], "texture": "#1"},
				"west": {"uv": [8.25, 0.75, 9.25, 1.75], "texture": "#1"},
				"up": {"uv": [38, 10, 36, 8], "texture": "#1"},
				"down": {"uv": [9, 0, 8.5, 0.5], "texture": "#1"}
			}
		},
		{
			"from": [2, -9, 14],
			"to": [4, -1, 16],
			"rotation": {"angle": -22.5, "axis": "x", "origin": [8, -4, 8]},
			"faces": {
				"north": {"uv": [5.5, 4.75, 7.5, 6.75], "texture": "#1"},
				"east": {"uv": [5.5, 4.5, 7.5, 6.5], "texture": "#1"},
				"south": {"uv": [6.5, 5.5, 5, 6.5], "texture": "#1"},
				"west": {"uv": [8.25, 3.75, 9.25, 4.75], "texture": "#1"},
				"up": {"uv": [38, 22, 36, 20], "texture": "#1"},
				"down": {"uv": [9, 0, 8.5, 0.5], "texture": "#1"}
			}
		},
		{
			"from": [7, -9, 14],
			"to": [9, -1, 16],
			"rotation": {"angle": -22.5, "axis": "x", "origin": [8, -4, 8]},
			"faces": {
				"north": {"uv": [5.5, 4.75, 7.5, 6.75], "texture": "#1"},
				"east": {"uv": [5.5, 4.5, 7.5, 6.5], "texture": "#1"},
				"south": {"uv": [6.5, 5.5, 5, 6.5], "texture": "#1"},
				"west": {"uv": [8.5, 4, 9.5, 5], "texture": "#1"},
				"up": {"uv": [34, 38, 32, 36], "texture": "#1"},
				"down": {"uv": [9, 0, 8.5, 0.5], "texture": "#1"}
			}
		}
	],
	"display": {
		"thirdperson_righthand": {
			"rotation": [30, 4, -14],
			"translation": [2.25, -2.25, -3.5],
			"scale": [0.51, 0.51, 0.5]
		},
		"head": {
			"rotation": [3, 0, 0],
			"translation": [3.5, 0, 0]
		}
	},
	"groups": [
		{
			"name": "group",
			"origin": [0, 0, 0],
			"color": 0,
			"nbt": "{}",
			"armAnimationEnabled": false,
			"children": [
				0,
				{
					"name": "group",
					"origin": [0, 0, 0],
					"color": 0,
					"nbt": "{}",
					"armAnimationEnabled": false,
					"children": [1, 2, 3, 4, 5, 6, 7, 8, 9]
				}
			]
		}
	]
}