{
  "parent": "minecraft:item/handheld_rod",
  "textures": {
    "layer0": "minecraft:item/carrot_on_a_stick"
  },
  "overrides": [
    {
      "predicate": {
        "custom_model_data": 1
      },
      "model": "minecraft:item/parkour_item/exit"
    },
    {
      "predicate": {
        "custom_model_data": 2
      },
      "model": "minecraft:item/parkour_item/reset"
    },
    {
      "predicate": {
        "custom_model_data": 3
      },
      "model": "minecraft:item/parkour_item/checkpoint"
    },
    {
      "predicate": {
        "custom_model_data": 4
      },
      "model": "minecraft:item/parkour_item/visibility"
    },
    {
      "predicate": {
        "custom_model_data": 5
      },
      "model": "minecraft:item/parkour_item/death"
    }
  ]
}
