{
  "parent": "minecraft:item/generated",
  "textures": {
    "layer0": "minecraft:item/iron_nugget"
  },
  "overrides": [
    {
      "predicate": {
        "custom_model_data": 1
      },
      "model": "minecraft:item/parkour_item/logo_descent"
    },
    {
      "predicate": {
        "custom_model_data": 2
      },
      "model": "minecraft:item/parkour_item/logo_sculking"
    },
    {
      "predicate": {
        "custom_model_data": 3
      },
      "model": "minecraft:item/parkour_item/logo_undertow"
    },
    {
      "predicate": {
        "custom_model_data": 4
      },
      "model": "minecraft:item/parkour_item/logo_frogger"
    },
    {
      "predicate": {
        "custom_model_data": 5
      },
      "model": "minecraft:item/parkour_item/logo_frozen_hell"
    },
    {
      "predicate": {
        "custom_model_data": 6
      },
      "model": "minecraft:item/parkour_item/logo_nightlife"
    }
  ]
}
