{
	"__comment": "Designed by the resident Inuit with BDcraft Cubik PRO 0.95 Beta - http://bdcraft.net",
	"textures": {
		"particle": "block/acacia_planks",
		"texture": "block/_bdc/buttons"
	},
	"elements": [ 	 
		{
			"__comment": "Element",
			"from": [ 5, 0, 6 ],
			"to": [ 11, 1, 10 ],
			"faces": {
				"down": { "uv": [ 0, 0, 6, 4 ], "texture": "#texture" },
				"up": { "uv": [ 0, 0, 6, 4 ], "texture": "#texture", "rotation": 180 },
				"north": { "uv": [ 10, 1, 6, 0 ], "texture": "#texture", "rotation": 180 },
				"south": { "uv": [ 6, 1, 10, 2 ], "texture": "#texture", "rotation": 180 },
				"west": { "uv": [ 6, 1, 10, 0 ], "texture": "#texture", "rotation": 180 },
				"east": { "uv": [ 10, 1, 6, 2 ], "texture": "#texture", "rotation": 180 }
			}
		}
	]
}