{
	"__comment": "Designed by Eskimojo14 with Cubik Studio - https://cubik.studio",
	"parent": "block/thin_block",
	"textures": {
		"particle": "#texture",
		"texture": "block/acacia_trapdoor"
	},
	"elements": [ 	 
		{
			"__comment": "Box1",
			"from": [ 0, 0, 0 ],
			"to": [ 16, 2, 3 ],
			"faces": {
				"down": { "uv": [ 16, 3, 0, 0 ], "texture": "#texture" },
				"up": { "uv": [ 0, 0, 16, 3 ], "texture": "#texture" },
				"north": { "uv": [ 5.5, 13.5, 10.5, 15.5 ], "texture": "#texture" },
				"south": { "uv": [ 5.5, 13.5, 10.5, 15.5 ], "texture": "#texture" },
				"west": { "uv": [ 5.5, 13.5, 10.5, 15.5 ], "texture": "#texture" },
				"east": { "uv": [ 5.5, 13.5, 10.5, 15.5 ], "texture": "#texture" }
			}
		},
		{
			"__comment": "Box2",
			"from": [ 0, 0, 13 ],
			"to": [ 16, 2, 16 ],
			"faces": {
				"down": { "uv": [ 16, 16, 0, 13 ], "texture": "#texture" },
				"up": { "uv": [ 0, 13, 16, 16 ], "texture": "#texture" },
				"north": { "uv": [ 5.5, 13.5, 10.5, 15.5 ], "texture": "#texture" },
				"south": { "uv": [ 5.5, 13.5, 10.5, 15.5 ], "texture": "#texture" },
				"west": { "uv": [ 5.5, 13.5, 10.5, 15.5 ], "texture": "#texture" },
				"east": { "uv": [ 5.5, 13.5, 10.5, 15.5 ], "texture": "#texture" }
			}
		},
		{
			"__comment": "Box3",
			"from": [ 0, 0, 3 ],
			"to": [ 3, 2, 13 ],
			"faces": {
				"down": { "uv": [ 16, 13, 13, 3 ], "texture": "#texture" },
				"up": { "uv": [ 0, 3, 3, 13 ], "texture": "#texture" },
				"west": { "uv": [ 5.5, 13.5, 10.5, 15.5 ], "texture": "#texture" },
				"east": { "uv": [ 5.5, 13.5, 10.5, 15.5 ], "texture": "#texture" }
			}
		},
		{
			"__comment": "Box4",
			"from": [ 13, 0, 3 ],
			"to": [ 16, 2, 13 ],
			"faces": {
				"down": { "uv": [ 3, 13, 0, 3 ], "texture": "#texture" },
				"up": { "uv": [ 13, 3, 16, 13 ], "texture": "#texture" },
				"west": { "uv": [ 5.5, 13.5, 10.5, 15.5 ], "texture": "#texture" },
				"east": { "uv": [ 5.5, 13.5, 10.5, 15.5 ], "texture": "#texture" }
			}
		},
		{
			"__comment": "Box7",
			"from": [ 9, 0.5, 3 ],
			"to": [ 11, 1.5, 13 ],
			"faces": {
				"down": { "uv": [ 11, 3, 9, 13 ], "texture": "#texture" },
				"up": { "uv": [ 9, 3, 11, 13 ], "texture": "#texture" },
				"west": { "uv": [ 5.5, 3, 6.5, 13 ], "texture": "#texture", "rotation": 90 },
				"east": { "uv": [ 5.5, 3, 6.5, 13 ], "texture": "#texture", "rotation": 90 }
			}
		},
		{
			"__comment": "Box7",
			"from": [ 5, 0.5, 3 ],
			"to": [ 7, 1.5, 13 ],
			"faces": {
				"down": { "uv": [ 7, 3, 5, 13 ], "texture": "#texture" },
				"up": { "uv": [ 5, 3, 7, 13 ], "texture": "#texture" },
				"west": { "uv": [ 5.5, 3, 6.5, 13 ], "texture": "#texture", "rotation": 90 },
				"east": { "uv": [ 5.5, 3, 6.5, 13 ], "texture": "#texture", "rotation": 90 }
			}
		},
		{
			"__comment": "Box9",
			"from": [ 11, -0.5, 12.625 ],
			"to": [ 12, 2.5, 16.125 ],
			"faces": {
				"down": { "uv": [ 4, 13, 5, 16 ], "texture": "#texture" },
				"up": { "uv": [ 4, 13, 5, 16 ], "texture": "#texture" },
				"north": { "uv": [ 4, 13, 5, 16 ], "texture": "#texture" },
				"south": { "uv": [ 4, 13, 5, 16 ], "texture": "#texture" },
				"west": { "uv": [ 4, 13, 4.5, 13.5 ], "texture": "#texture" },
				"east": { "uv": [ 4, 13, 4.5, 13.5 ], "texture": "#texture" }
			}
		},
		{
			"__comment": "Box9",
			"from": [ 4, -0.5, 12.625 ],
			"to": [ 5, 2.5, 16.125 ],
			"faces": {
				"down": { "uv": [ 4, 13, 5, 16 ], "texture": "#texture" },
				"up": { "uv": [ 4, 13, 5, 16 ], "texture": "#texture" },
				"north": { "uv": [ 4, 13, 5, 16 ], "texture": "#texture" },
				"south": { "uv": [ 4, 13, 5, 16 ], "texture": "#texture" },
				"west": { "uv": [ 4, 13, 4.5, 13.5 ], "texture": "#texture" },
				"east": { "uv": [ 4, 13, 4.5, 13.5 ], "texture": "#texture" }
			}
		}
	]
}