{
"__comment": "Designed by Sphax with BDcraft Cubik PRO 0.76 Beta - http://bdcraft.net",
"ambientocclusion": false,
"textures": {
    "particle": "block/acacia_door_bottom",
    "bottom": "block/acacia_door_bottom"
},
"elements": [ 
{
    "from": [ 1, 3, 5 ],
    "to": [ 2, 15, 7 ],
    "faces": {
        "north": { "uv": [ 9, 1, 10, 13 ], "texture": "#bottom" },
        "south": { "uv": [ 9, 1, 10, 13 ], "texture": "#bottom" },
        "west":  { "uv": [ 11, 1, 9, 13 ], "texture": "#bottom" },
        "east":  { "uv": [ 9, 1, 11, 13 ], "texture": "#bottom" }
    }
},
{
    "from": [ 1, 3, 9 ],
    "to": [ 2, 15, 11 ],
    "faces": {
        "north": { "uv": [ 5, 1, 5.25, 13 ], "texture": "#bottom" },
        "south": { "uv": [ 5, 1, 5.25, 13 ], "texture": "#bottom" },
        "west":  { "uv": [ 7, 1, 5, 13 ], "texture": "#bottom" },
        "east":  { "uv": [ 5, 1, 7, 13 ], "texture": "#bottom" }
    }
},
{
    "from": [ 0.75, 15, 3 ],
    "to": [ 2.25, 16, 13 ],
    "faces": {
        "down":  { "uv": [ 3, 0.75, 13, 1 ], "rotation": 270, "texture": "#bottom" },
        "west":  { "uv": [ 3, 0, 13, 1 ], "texture": "#bottom" },
        "east":  { "uv": [ 13, 0, 3, 1 ], "texture": "#bottom" }
    }
},
{
    "from": [ 0, 4, 12.5 ],
    "to": [ 3, 5, 16 ],
    "faces": {
        "down":  { "uv": [ 0, 1.5, 3, 2 ], "texture": "#bottom" },
        "up":    { "uv": [ 0, 1, 3, 1.5 ], "texture": "#bottom" },
        "north": { "uv": [ 0, 1, 3, 2 ], "texture": "#bottom" },
        "south": { "uv": [ 3, 1, 0, 2 ], "texture": "#bottom" },
        "west":  { "uv": [ 3, 1, 0, 2 ], "texture": "#bottom" },
        "east":  { "uv": [ 0, 1, 3, 2 ], "texture": "#bottom" }
    }
},
{
    "from": [ 0, 14, 12.5 ],
    "to": [ 3, 15, 16 ],
    "faces": {
        "down":  { "uv": [ 0, 1.5, 3, 2 ], "texture": "#bottom" },
        "up":    { "uv": [ 0, 1, 3, 1.5 ], "texture": "#bottom" },
        "north": { "uv": [ 0, 1, 3, 2 ], "texture": "#bottom" },
        "south": { "uv": [ 3, 1, 0, 2 ], "texture": "#bottom" },
        "west":  { "uv": [ 3, 1, 0, 2 ], "texture": "#bottom" },
        "east":  { "uv": [ 0, 1, 3, 2 ], "texture": "#bottom" }
    }
},
{
    "from": [ 0.5, 3, 0 ],
    "to": [ 2.5, 16, 3 ],
    "faces": {
        "north": { "uv": [ 13.5, 0, 15.5, 13 ], "texture": "#bottom" },
        "south": { "uv": [ 15.5, 0, 13.5, 13 ], "texture": "#bottom" },
        "west":  { "uv": [ 16, 0, 13, 13 ], "texture": "#bottom" },
        "east":  { "uv": [ 13, 0, 16, 13 ], "texture": "#bottom" }
    }
},
{
    "from": [ 0.5, 0, 0 ],
    "to": [ 2.5, 3, 16 ],
    "faces": {
        "down":  { "uv": [ 0.5, 16, 2.5, 0 ], "texture": "#bottom" },
        "up":    { "uv": [ 0, 13.5, 16, 15.5 ], "rotation": 270, "texture": "#bottom" },
        "north": { "uv": [ 0.5, 8, 2.5, 11 ], "texture": "#bottom" },
        "south": { "uv": [ 2.5, 8, 0.5, 11 ], "texture": "#bottom" },
        "west":  { "uv": [ 16, 13, 0, 16 ], "texture": "#bottom" },
        "east":  { "uv": [ 0, 13, 16, 16 ], "texture": "#bottom" }
    }
},
{
    "from": [ 0.5, 3, 13 ],
    "to": [ 2.5, 16, 16 ],
    "faces": {
        "north": { "uv": [ 0.5, 0, 2.5, 13 ], "texture": "#bottom" },
        "south": { "uv": [ 2.5, 0, 0.5, 13 ], "texture": "#bottom" },
        "west":  { "uv": [ 3, 0, 0, 13 ], "texture": "#bottom" },
        "east":  { "uv": [ 0, 0, 3, 13 ], "texture": "#bottom" }
    }
}
]
}