{
	"__comment": "Designed by the resident Inuit with BDcraft Cubik PRO 0.95 Beta - http://bdcraft.net",
	"parent": "block/block",
	"textures": {
		"texture": "block/_bdc/buttons"
	},
	"elements": [ 	 
		{
			"from": [ 5, 6, 6 ],
			"to": [ 11, 10, 10 ],
			"faces": {
				"down": { "uv": [ 6, 0, 0, 4 ], "texture": "#texture" },
				"up": { "uv": [ 6, 4, 0, 0 ], "texture": "#texture" },
				"north": { "uv": [ 0, 0, 6, 4 ], "texture": "#texture" },
				"south": { "uv": [ 0, 0, 6, 4 ], "texture": "#texture" },
				"west": { "uv": [ 0, 0, 6, 4 ], "texture": "#texture" },
				"east": { "uv": [ 0, 0, 6, 4 ], "texture": "#texture" }
			}
		}
	],
	"display": {
		"thirdperson_righthand": {
			"rotation":  [ 75, 45, 0 ],
			"translation":  [ 0, 0.5, 0 ],
			"scale":  [ 0.375, 0.375, 0.375 ]
		},
		"firstperson_righthand": {
			"rotation":  [ 0, 145, 0 ],
			"scale":  [ 0.4, 0.4, 0.4 ]
		},
		"firstperson_lefthand": {
			"rotation":  [ 0, 145, 0 ],
			"scale":  [ 0.4, 0.4, 0.4 ]
		}
	}
}