{
	"__comment": "Designed by Eskimojo14 with Cubik Studio - https://cubik.studio",
	"parent": "block/thin_block",
	"textures": {
		"particle": "#texture",
		"texture": "block/acacia_trapdoor"
	},
	"elements": [ 	 
		{
			"__comment": "Box1",
			"from": [ 0, 13, 14 ],
			"to": [ 16, 16, 16 ],
			"faces": {
				"down": { "uv": [ 5.5, 13.5, 10.5, 15.5 ], "texture": "#texture" },
				"up": { "uv": [ 10.5, 15.5, 5.5, 13.5 ], "texture": "#texture" },
				"north": { "uv": [ 0, 0, 16, 3 ], "texture": "#texture" },
				"south": { "uv": [ 0, 0, 16, 3 ], "texture": "#texture" },
				"west": { "uv": [ 5.5, 13.5, 10.5, 15.5 ], "texture": "#texture", "rotation": 90 },
				"east": { "uv": [ 5.5, 13.5, 10.5, 15.5 ], "texture": "#texture", "rotation": 270 }
			}
		},
		{
			"__comment": "Box2",
			"from": [ 0, 0, 14 ],
			"to": [ 16, 3, 16 ],
			"faces": {
				"down": { "uv": [ 5.5, 13.5, 10.5, 15.5 ], "texture": "#texture" },
				"up": { "uv": [ 10.5, 15.5, 5.5, 13.5 ], "texture": "#texture" },
				"north": { "uv": [ 0, 13, 16, 16 ], "texture": "#texture" },
				"south": { "uv": [ 0, 13, 16, 16 ], "texture": "#texture" },
				"west": { "uv": [ 5.5, 13.5, 10.5, 15.5 ], "texture": "#texture", "rotation": 90 },
				"east": { "uv": [ 5.5, 13.5, 10.5, 15.5 ], "texture": "#texture", "rotation": 270 }
			}
		},
		{
			"__comment": "Box3",
			"from": [ 0, 3, 14 ],
			"to": [ 3, 13, 16 ],
			"faces": {
				"north": { "uv": [ 13, 3, 16, 13 ], "texture": "#texture" },
				"south": { "uv": [ 0, 3, 3, 13 ], "texture": "#texture" },
				"west": { "uv": [ 5.5, 13.5, 10.5, 15.5 ], "texture": "#texture", "rotation": 90 },
				"east": { "uv": [ 5.5, 13.5, 10.5, 15.5 ], "texture": "#texture", "rotation": 270 }
			}
		},
		{
			"__comment": "Box4",
			"from": [ 13, 3, 14 ],
			"to": [ 16, 13, 16 ],
			"faces": {
				"north": { "uv": [ 0, 3, 3, 13 ], "texture": "#texture" },
				"south": { "uv": [ 13, 3, 16, 13 ], "texture": "#texture" },
				"west": { "uv": [ 5.5, 13.5, 10.5, 15.5 ], "texture": "#texture", "rotation": 90 },
				"east": { "uv": [ 5.5, 13.5, 10.5, 15.5 ], "texture": "#texture", "rotation": 270 }
			}
		},
		{
			"__comment": "Box7",
			"from": [ 9, 3, 14.5 ],
			"to": [ 11, 13, 15.5 ],
			"faces": {
				"north": { "uv": [ 9, 13, 11, 3 ], "texture": "#texture" },
				"south": { "uv": [ 9, 3, 11, 13 ], "texture": "#texture" },
				"west": { "uv": [ 5.5, 3, 6.5, 13 ], "texture": "#texture", "rotation": 180 },
				"east": { "uv": [ 5.5, 3, 6.5, 13 ], "texture": "#texture" }
			}
		},
		{
			"__comment": "Box7",
			"from": [ 5, 3, 14.5 ],
			"to": [ 7, 13, 15.5 ],
			"faces": {
				"north": { "uv": [ 5, 13, 7, 3 ], "texture": "#texture" },
				"south": { "uv": [ 5, 3, 7, 13 ], "texture": "#texture" },
				"west": { "uv": [ 5.5, 3, 6.5, 13 ], "texture": "#texture", "rotation": 180 },
				"east": { "uv": [ 5.5, 3, 6.5, 13 ], "texture": "#texture" }
			}
		},
		{
			"__comment": "Box9",
			"from": [ 11, -0.125, 13.5 ],
			"to": [ 12, 3.375, 16.5 ],
			"faces": {
				"down": { "uv": [ 4, 13, 5, 16 ], "texture": "#texture" },
				"up": { "uv": [ 5, 16, 4, 13 ], "texture": "#texture" },
				"north": { "uv": [ 5, 16, 4, 13 ], "texture": "#texture" },
				"south": { "uv": [ 4, 13, 5, 16 ], "texture": "#texture" },
				"west": { "uv": [ 4, 13, 4.5, 13.5 ], "texture": "#texture", "rotation": 90 },
				"east": { "uv": [ 4, 13, 4.5, 13.5 ], "texture": "#texture", "rotation": 270 }
			}
		},
		{
			"__comment": "Box9",
			"from": [ 4, -0.125, 13.5 ],
			"to": [ 5, 3.375, 16.5 ],
			"faces": {
				"down": { "uv": [ 4, 13, 5, 16 ], "texture": "#texture" },
				"up": { "uv": [ 5, 16, 4, 13 ], "texture": "#texture" },
				"north": { "uv": [ 5, 16, 4, 13 ], "texture": "#texture" },
				"south": { "uv": [ 4, 13, 5, 16 ], "texture": "#texture" },
				"west": { "uv": [ 4, 13, 4.5, 13.5 ], "texture": "#texture", "rotation": 90 },
				"east": { "uv": [ 4, 13, 4.5, 13.5 ], "texture": "#texture", "rotation": 270 }
			}
		}
	]
}