{
	"__comment": "Designed by Sphax with Cubik Studio - https://cubik.studio",
	"parent": "block/block",
	"textures": {
		"particle": "#front",
		"cap": "block/bee_nest_top",
		"side": "block/bee_nest_side",
		"front": "block/bee_nest_front"
	},
	"elements": [ 	 
		{
			"__comment": "Box1",
			"from": [ 0, 0, 0 ],
			"to": [ 16, 16, 2.5 ],
			"faces": {
				"down": { "uv": [ 0, 0, 3, 16 ], "texture": "#cap", "cullface": "down", "rotation": 270 },
				"up": { "uv": [ 0, 0, 3, 16 ], "texture": "#cap", "cullface": "up", "rotation": 90 },
				"north": { "uv": [ 0, 0, 16, 16 ], "texture": "#front", "cullface": "north" },
				"south": { "uv": [ 0, 0, 16, 16 ], "texture": "#front" },
				"west": { "uv": [ 0, 0, 3, 16 ], "texture": "#side", "cullface": "west" },
				"east": { "uv": [ 13, 0, 16, 16 ], "texture": "#side", "cullface": "east" }
			}
		},
		{
			"__comment": "Box1",
			"from": [ 0, 0, 3 ],
			"to": [ 16, 16, 6 ],
			"faces": {
				"down": { "uv": [ 3, 0, 6, 16 ], "texture": "#cap", "cullface": "down", "rotation": 270 },
				"up": { "uv": [ 3, 0, 6, 16 ], "texture": "#cap", "cullface": "up", "rotation": 90 },
				"north": { "uv": [ 0, 0, 16, 16 ], "texture": "#front" },
				"south": { "uv": [ 0, 0, 16, 16 ], "texture": "#front" },
				"west": { "uv": [ 3, 0, 6, 16 ], "texture": "#side", "cullface": "west" },
				"east": { "uv": [ 10, 0, 13, 16 ], "texture": "#side", "cullface": "east" }
			}
		},
		{
			"__comment": "Box1",
			"from": [ 0, 0, 6.5 ],
			"to": [ 16, 16, 9.5 ],
			"faces": {
				"down": { "uv": [ 6, 0, 10, 16 ], "texture": "#cap", "cullface": "down", "rotation": 270 },
				"up": { "uv": [ 6, 0, 10, 16 ], "texture": "#cap", "cullface": "up", "rotation": 90 },
				"north": { "uv": [ 0, 0, 16, 16 ], "texture": "#front" },
				"south": { "uv": [ 0, 0, 16, 16 ], "texture": "#front" },
				"west": { "uv": [ 6, 0, 10, 16 ], "texture": "#side", "cullface": "west" },
				"east": { "uv": [ 6, 0, 10, 16 ], "texture": "#side", "cullface": "east" }
			}
		},
		{
			"__comment": "Box1",
			"from": [ 0, 0, 10 ],
			"to": [ 16, 16, 13 ],
			"faces": {
				"down": { "uv": [ 10, 0, 13, 16 ], "texture": "#cap", "cullface": "down", "rotation": 270 },
				"up": { "uv": [ 10, 0, 13, 16 ], "texture": "#cap", "cullface": "up", "rotation": 90 },
				"north": { "uv": [ 0, 0, 16, 16 ], "texture": "#front" },
				"south": { "uv": [ 0, 0, 16, 16 ], "texture": "#front" },
				"west": { "uv": [ 10, 0, 13, 16 ], "texture": "#side", "cullface": "west" },
				"east": { "uv": [ 3, 0, 6, 16 ], "texture": "#side", "cullface": "east" }
			}
		},
		{
			"__comment": "Box1",
			"from": [ 0, 0, 13.5 ],
			"to": [ 16, 16, 16 ],
			"faces": {
				"down": { "uv": [ 13, 0, 16, 16 ], "texture": "#cap", "cullface": "down", "rotation": 270 },
				"up": { "uv": [ 13, 0, 16, 16 ], "texture": "#cap", "cullface": "up", "rotation": 90 },
				"north": { "uv": [ 0, 0, 16, 16 ], "texture": "#front" },
				"south": { "uv": [ 0, 0, 16, 16 ], "texture": "#front", "cullface": "south" },
				"west": { "uv": [ 13, 0, 16, 16 ], "texture": "#side", "cullface": "west" },
				"east": { "uv": [ 0, 0, 3, 16 ], "texture": "#side", "cullface": "east" }
			}
		},
		{
			"__comment": "Box6",
			"from": [ 16, 16, 16 ],
			"to": [ 0, 0, 0 ],
			"faces": {
				"down": { "uv": [ 0, 0, 16, 16 ], "texture": "#front", "rotation": 270 },
				"up": { "uv": [ 0, 0, 16, 16 ], "texture": "#front", "rotation": 90 },
				"west": { "uv": [ 0, 0, 16, 16 ], "texture": "#front" },
				"east": { "uv": [ 0, 0, 16, 16 ], "texture": "#front" }
			}
		}
	]
}