{
	"__comment": "Designed by Sphax with Cubik Studio - https://cubik.studio",
	"parent": "block/block",
	"textures": {
		"particle": "block/bookshelf",
		"side": "block/bookshelf",
		"top": "block/oak_planks"
	},
	"elements": [ 	 
		{
			"from": [ 0, 0, 0 ],
			"to": [ 1, 16, 1 ],
			"faces": {
				"down": { "uv": [ 0, 15, 1, 16 ], "texture": "#top", "cullface": "down" },
				"up": { "uv": [ 0, 0, 1, 1 ], "texture": "#top", "cullface": "up" },
				"north": { "uv": [ 15, 0, 16, 16 ], "texture": "#side", "cullface": "north" },
				"south": { "uv": [ 0, 0, 1, 16 ], "texture": "#side", "cullface": "west" },
				"west": { "uv": [ 0, 0, 1, 16 ], "texture": "#side", "cullface": "west" },
				"east": { "uv": [ 15, 0, 16, 16 ], "texture": "#side", "cullface": "north" }
			}
		},
		{
			"from": [ 15, 0, 0 ],
			"to": [ 16, 16, 1 ],
			"faces": {
				"down": { "uv": [ 15, 15, 16, 16 ], "texture": "#top", "cullface": "down" },
				"up": { "uv": [ 15, 0, 16, 1 ], "texture": "#top", "cullface": "up" },
				"north": { "uv": [ 0, 0, 1, 16 ], "texture": "#side", "cullface": "north" },
				"south": { "uv": [ 15, 0, 16, 16 ], "texture": "#side", "cullface": "east" },
				"west": { "uv": [ 0, 0, 1, 16 ], "texture": "#side", "cullface": "north" },
				"east": { "uv": [ 15, 0, 16, 16 ], "texture": "#side", "cullface": "east" }
			}
		},
		{
			"from": [ 15, 0, 15 ],
			"to": [ 16, 16, 16 ],
			"faces": {
				"down": { "uv": [ 15, 0, 16, 1 ], "texture": "#top", "cullface": "down" },
				"up": { "uv": [ 15, 15, 16, 16 ], "texture": "#top", "cullface": "up" },
				"north": { "uv": [ 0, 0, 1, 16 ], "texture": "#side", "cullface": "east" },
				"south": { "uv": [ 15, 0, 16, 16 ], "texture": "#side", "cullface": "south" },
				"west": { "uv": [ 15, 0, 16, 16 ], "texture": "#side", "cullface": "south" },
				"east": { "uv": [ 0, 0, 1, 16 ], "texture": "#side", "cullface": "east" }
			}
		},
		{
			"from": [ 0, 0, 15 ],
			"to": [ 1, 16, 16 ],
			"faces": {
				"down": { "uv": [ 0, 15, 1, 16 ], "texture": "#top", "cullface": "down" },
				"up": { "uv": [ 0, 0, 1, 1 ], "texture": "#top", "cullface": "up" },
				"north": { "uv": [ 15, 0, 16, 16 ], "texture": "#side", "cullface": "west" },
				"south": { "uv": [ 0, 0, 1, 16 ], "texture": "#side", "cullface": "south" },
				"west": { "uv": [ 15, 0, 16, 16 ], "texture": "#side", "cullface": "west" },
				"east": { "uv": [ 0, 0, 1, 16 ], "texture": "#side", "cullface": "south" }
			}
		},
		{
			"from": [ 1, 0, 1 ],
			"to": [ 15, 16, 15 ],
			"faces": {
				"down": { "uv": [ 1, 1, 15, 15 ], "texture": "#top", "cullface": "down" },
				"up": { "uv": [ 1, 1, 15, 15 ], "texture": "#top", "cullface": "up" },
				"north": { "uv": [ 1, 0, 15, 16 ], "texture": "#side", "cullface": "north" },
				"south": { "uv": [ 1, 0, 15, 16 ], "texture": "#side", "cullface": "south" },
				"west": { "uv": [ 1, 0, 15, 16 ], "texture": "#side", "cullface": "west" },
				"east": { "uv": [ 1, 0, 15, 16 ], "texture": "#side", "cullface": "east" }
			}
		},
		{
			"from": [ 0.5, 7, 1 ],
			"to": [ 1, 9, 15 ],
			"faces": {
				"down": { "uv": [ 0, 1, 0.5, 15 ], "texture": "#top", "cullface": "west" },
				"up": { "uv": [ 0, 1, 0.5, 15 ], "texture": "#top", "cullface": "west" },
				"west": { "uv": [ 1, 7, 15, 9 ], "texture": "#side", "cullface": "west" }
			}
		},
		{
			"from": [ 15, 7, 1 ],
			"to": [ 15.5, 9, 15 ],
			"faces": {
				"down": { "uv": [ 15.5, 1, 16, 15 ], "texture": "#top", "cullface": "east" },
				"up": { "uv": [ 15.5, 1, 16, 15 ], "texture": "#top", "cullface": "east" },
				"east": { "uv": [ 1, 7, 15, 9 ], "texture": "#side", "cullface": "east" }
			}
		},
		{
			"from": [ 1, 7, 0.5 ],
			"to": [ 15, 9, 1 ],
			"faces": {
				"down": { "uv": [ 1, 0, 15, 0.5 ], "texture": "#top", "cullface": "north" },
				"up": { "uv": [ 1, 0, 15, 0.5 ], "texture": "#top", "cullface": "north" },
				"north": { "uv": [ 1, 7, 15, 9 ], "texture": "#side", "cullface": "north" }
			}
		},
		{
			"from": [ 1, 7, 15 ],
			"to": [ 15, 9, 15.5 ],
			"faces": {
				"down": { "uv": [ 1, 15.5, 15, 16 ], "texture": "#top", "cullface": "south" },
				"up": { "uv": [ 1, 15.5, 15, 16 ], "texture": "#top", "cullface": "south" },
				"south": { "uv": [ 1, 7, 15, 9 ], "texture": "#side", "cullface": "south" }
			}
		},
		{
			"from": [ 15, 15, 1 ],
			"to": [ 16, 16, 15 ],
			"faces": {
				"down": { "uv": [ 15, 1, 16, 15 ], "texture": "#top", "cullface": "east" },
				"up": { "uv": [ 15, 1, 16, 15 ], "texture": "#top", "cullface": "up" },
				"east": { "uv": [ 1, 0, 15, 1 ], "texture": "#side", "cullface": "east" }
			}
		},
		{
			"from": [ 15, 0, 1 ],
			"to": [ 16, 1, 15 ],
			"faces": {
				"down": { "uv": [ 0, 1, 1, 15 ], "texture": "#top", "cullface": "down" },
				"up": { "uv": [ 0, 1, 1, 15 ], "texture": "#top", "cullface": "east" },
				"east": { "uv": [ 1, 15, 15, 16 ], "texture": "#side", "cullface": "east" }
			}
		},
		{
			"from": [ 0, 15, 1 ],
			"to": [ 1, 16, 15 ],
			"faces": {
				"down": { "uv": [ 0, 1, 1, 15 ], "texture": "#top", "cullface": "west" },
				"up": { "uv": [ 0, 1, 1, 15 ], "texture": "#top", "cullface": "up" },
				"west": { "uv": [ 1, 0, 15, 1 ], "texture": "#side", "cullface": "west" }
			}
		},
		{
			"from": [ 0, 0, 1 ],
			"to": [ 1, 1, 15 ],
			"faces": {
				"down": { "uv": [ 0, 1, 1, 15 ], "texture": "#top", "cullface": "down" },
				"up": { "uv": [ 0, 1, 1, 15 ], "texture": "#top", "cullface": "west" },
				"west": { "uv": [ 1, 15, 15, 16 ], "texture": "#side", "cullface": "west" }
			}
		},
		{
			"from": [ 1, 15, 15 ],
			"to": [ 15, 16, 16 ],
			"faces": {
				"down": { "uv": [ 1, 0, 15, 1 ], "texture": "#top", "cullface": "south" },
				"up": { "uv": [ 1, 15, 15, 16 ], "texture": "#top", "cullface": "up" },
				"south": { "uv": [ 1, 0, 15, 1 ], "texture": "#side", "cullface": "south" }
			}
		},
		{
			"from": [ 1, 0, 15 ],
			"to": [ 15, 1, 16 ],
			"faces": {
				"down": { "uv": [ 1, 0, 15, 1 ], "texture": "#top", "cullface": "down" },
				"up": { "uv": [ 1, 15, 15, 16 ], "texture": "#top", "cullface": "south" },
				"south": { "uv": [ 1, 15, 15, 16 ], "texture": "#side", "cullface": "south" }
			}
		},
		{
			"from": [ 1, 15, 0 ],
			"to": [ 15, 16, 1 ],
			"faces": {
				"down": { "uv": [ 1, 15, 15, 16 ], "texture": "#top", "cullface": "north" },
				"up": { "uv": [ 1, 0, 15, 1 ], "texture": "#top", "cullface": "up" },
				"north": { "uv": [ 1, 0, 15, 1 ], "texture": "#side", "cullface": "north" }
			}
		},
		{
			"from": [ 1, 0, 0 ],
			"to": [ 15, 1, 1 ],
			"faces": {
				"down": { "uv": [ 1, 15, 15, 16 ], "texture": "#top", "cullface": "down" },
				"up": { "uv": [ 1, 0, 15, 1 ], "texture": "#top", "cullface": "north" },
				"north": { "uv": [ 1, 15, 15, 16 ], "texture": "#side", "cullface": "north" }
			}
		}
	]
}