{
	"__comment": "Designed by Sphax with Cubik Studio - https://cubik.studio",
	"parent": "block/block",
	"textures": {
		"particle": "block/campfire_log",
		"log": "block/campfire_log"
	},
	"elements": [ 	 
		{
			"__comment": "Box6",
			"from": [ -1.5001, 1, 6.5 ],
			"to": [ 4.4999, 7, 14.5 ],
			"rotation": { "origin": [ -1.5, 1, 14.5 ], "axis": "y", "angle": -22.5 },
			"faces": {
				"down": { "uv": [ 6, 0, 14, 6 ], "texture": "#log", "rotation": 90 },
				"up": { "uv": [ 6, 0, 14, 6 ], "texture": "#log", "rotation": 270 },
				"north": { "uv": [ 0, 0, 6, 6 ], "texture": "#log" },
				"south": { "uv": [ 0, 0, 6, 6 ], "texture": "#log" },
				"west": { "uv": [ 6, 6, 14, 0 ], "texture": "#log", "rotation": 180 },
				"east": { "uv": [ 6, 0, 14, 6 ], "texture": "#log" }
			}
		},
		{
			"__comment": "Element",
			"from": [ 0, 0, 8 ],
			"to": [ 16, 1, 16 ],
			"faces": {
				"down": { "uv": [ 0, 8, 16, 16 ], "texture": "#log", "cullface": "down" },
				"up": { "uv": [ 0, 16, 16, 8 ], "texture": "#log" },
				"south": { "uv": [ 0, 8, 16, 9 ], "texture": "#log", "cullface": "south" },
				"west": { "uv": [ 0, 8, 1, 16 ], "texture": "#log", "rotation": 90 },
				"east": { "uv": [ 15, 8, 16, 16 ], "texture": "#log", "rotation": 90 }
			}
		},
		{
			"__comment": "Element",
			"from": [ 0, 0, 0 ],
			"to": [ 16, 1, 8 ],
			"faces": {
				"down": { "uv": [ 16, 16, 0, 8 ], "texture": "#log", "cullface": "down" },
				"up": { "uv": [ 16, 8, 0, 16 ], "texture": "#log" },
				"north": { "uv": [ 0, 8, 16, 9 ], "texture": "#log", "cullface": "north" },
				"west": { "uv": [ 0, 8, 1, 16 ], "texture": "#log", "rotation": 90 },
				"east": { "uv": [ 15, 8, 16, 16 ], "texture": "#log", "rotation": 90 }
			}
		},
		{
			"__comment": "Box6",
			"from": [ 1.5, 1, -1.0001 ],
			"to": [ 9.5, 7, 4.9999 ],
			"rotation": { "origin": [ 1.5, 1, -1 ], "axis": "y", "angle": -22.5 },
			"faces": {
				"down": { "uv": [ 6, 0, 14, 6 ], "texture": "#log" },
				"up": { "uv": [ 6, 0, 14, 6 ], "texture": "#log" },
				"north": { "uv": [ 6, 6, 14, 0 ], "texture": "#log", "rotation": 180 },
				"south": { "uv": [ 6, 0, 14, 6 ], "texture": "#log" },
				"west": { "uv": [ 0, 0, 6, 6 ], "texture": "#log" },
				"east": { "uv": [ 0, 0, 6, 6 ], "texture": "#log" }
			}
		},
		{
			"__comment": "Box6",
			"from": [ 11.0001, 1, 1.5 ],
			"to": [ 17.0001, 7, 9.5 ],
			"rotation": { "origin": [ 17, 1, 1.5 ], "axis": "y", "angle": -22.5 },
			"faces": {
				"down": { "uv": [ 6, 0, 14, 6 ], "texture": "#log", "rotation": 270 },
				"up": { "uv": [ 6, 0, 14, 6 ], "texture": "#log", "rotation": 90 },
				"north": { "uv": [ 0, 0, 6, 6 ], "texture": "#log" },
				"south": { "uv": [ 0, 0, 6, 6 ], "texture": "#log" },
				"west": { "uv": [ 6, 0, 14, 6 ], "texture": "#log" },
				"east": { "uv": [ 6, 6, 14, 0 ], "texture": "#log", "rotation": 180 }
			}
		},
		{
			"__comment": "Box6",
			"from": [ 6.5, 1, 11.0001 ],
			"to": [ 14.5, 7, 17.0001 ],
			"rotation": { "origin": [ 14.5, 1, 17 ], "axis": "y", "angle": -22.5 },
			"faces": {
				"down": { "uv": [ 6, 0, 14, 6 ], "texture": "#log", "rotation": 180 },
				"up": { "uv": [ 6, 0, 14, 6 ], "texture": "#log", "rotation": 180 },
				"north": { "uv": [ 6, 0, 14, 6 ], "texture": "#log" },
				"south": { "uv": [ 6, 6, 14, 0 ], "texture": "#log", "rotation": 180 },
				"west": { "uv": [ 0, 0, 6, 6 ], "texture": "#log" },
				"east": { "uv": [ 0, 0, 6, 6 ], "texture": "#log" }
			}
		}
	],
	"display": {
		"head": {
			"translation":  [ 0, 10.5, 0 ]
		}
	}
}