{
    "ambientocclusion": false,
    "textures": {
        "particle": "item/cocoa_beans",
        "cocoa": "block/cocoa_stage0"
    },
    "elements": [
        {   "from": [ 4, 3, 7 ],
            "to": [ 12, 12, 15 ],
            "faces": {
                "down":  { "uv": [ 8, 9,  15, 16 ], "texture": "#cocoa" },
                "up":    { "uv": [ 8, 9,  15, 16 ], "texture": "#cocoa" },
                "north": { "uv": [ 0, 7, 8, 16 ], "texture": "#cocoa" },
                "south": { "uv": [ 0, 7, 8, 16 ], "texture": "#cocoa" },
                "west":  { "uv": [ 0, 7, 8, 16 ], "texture": "#cocoa" },
                "east":  { "uv": [ 0, 7, 8, 16 ], "texture": "#cocoa" }
            }
        },
        {   "from": [ 8, 12, 12 ],
            "to": [ 8, 16, 16 ],
            "faces": {
                "west": { "uv": [ 7, 0, 11, 4 ], "texture": "#cocoa" },
                "east": { "uv": [ 11, 0, 7, 4 ], "texture": "#cocoa" }
            }
        }
    ]
}
