{
	"__comment": "Designed by Sphax with Cubik Studio - https://cubik.studio",
	"parent": "block/block",
	"textures": {
		"particle": "block/composter_side",
		"bottom": "block/composter_bottom",
		"side": "block/composter_side",
		"compost": "block/composter_compost"
	},
	"elements": [ 	 
		{
			"from": [ 0, 0, 2 ],
			"to": [ 2, 3, 14 ],
			"faces": {
				"down": { "uv": [ 0, 2, 2, 14 ], "texture": "#bottom", "cullface": "down" },
				"up": { "uv": [ 0, 2, 2, 14 ], "texture": "#bottom" },
				"west": { "uv": [ 2, 13, 14, 16 ], "texture": "#side", "cullface": "west" },
				"east": { "uv": [ 2, 13, 14, 16 ], "texture": "#side" }
			}
		},
		{
			"from": [ 14, 0, 2 ],
			"to": [ 16, 3, 14 ],
			"faces": {
				"down": { "uv": [ 14, 2, 16, 14 ], "texture": "#bottom", "cullface": "down" },
				"up": { "uv": [ 14, 2, 16, 14 ], "texture": "#bottom" },
				"west": { "uv": [ 2, 13, 14, 16 ], "texture": "#side" },
				"east": { "uv": [ 2, 13, 14, 16 ], "texture": "#side", "cullface": "east" }
			}
		},
		{
			"from": [ 2, 0, 0 ],
			"to": [ 14, 3, 2 ],
			"faces": {
				"down": { "uv": [ 2, 14, 14, 16 ], "texture": "#bottom", "cullface": "down" },
				"up": { "uv": [ 2, 0, 14, 2 ], "texture": "#bottom" },
				"north": { "uv": [ 2, 13, 14, 16 ], "texture": "#side", "cullface": "north" },
				"south": { "uv": [ 2, 13, 14, 16 ], "texture": "#side" }
			}
		},
		{
			"from": [ 2, 0, 14 ],
			"to": [ 14, 3, 16 ],
			"faces": {
				"down": { "uv": [ 2, 0, 14, 2 ], "texture": "#bottom", "cullface": "down" },
				"up": { "uv": [ 2, 14, 14, 16 ], "texture": "#bottom" },
				"north": { "uv": [ 2, 13, 14, 16 ], "texture": "#side" },
				"south": { "uv": [ 2, 13, 14, 16 ], "texture": "#side", "cullface": "south" }
			}
		},
		{
			"from": [ 0, 0, 0 ],
			"to": [ 16, 2, 16 ],
			"faces": {
				"down": { "uv": [ 0, 0, 16, 16 ], "texture": "#bottom", "cullface": "down" },
				"up": { "uv": [ 0, 0, 16, 16 ], "texture": "#bottom" }
			}
		},
		{
			"from": [ 0, 4, 2 ],
			"to": [ 2, 7, 14 ],
			"faces": {
				"down": { "uv": [ 0, 2, 2, 14 ], "texture": "#bottom" },
				"up": { "uv": [ 0, 2, 2, 14 ], "texture": "#bottom" },
				"west": { "uv": [ 2, 9, 14, 12 ], "texture": "#side", "cullface": "west" },
				"east": { "uv": [ 2, 9, 14, 12 ], "texture": "#side" }
			}
		},
		{
			"from": [ 0, 8, 2 ],
			"to": [ 2, 11, 14 ],
			"faces": {
				"down": { "uv": [ 0, 2, 2, 14 ], "texture": "#bottom" },
				"up": { "uv": [ 0, 2, 2, 14 ], "texture": "#bottom" },
				"west": { "uv": [ 2, 5, 14, 8 ], "texture": "#side", "cullface": "west" },
				"east": { "uv": [ 2, 5, 14, 8 ], "texture": "#side" }
			}
		},
		{
			"from": [ 0, 12, 2 ],
			"to": [ 2, 16, 14 ],
			"faces": {
				"down": { "uv": [ 0, 2, 2, 14 ], "texture": "#bottom" },
				"up": { "uv": [ 0, 2, 2, 14 ], "texture": "#bottom", "cullface": "up" },
				"west": { "uv": [ 2, 0, 14, 4 ], "texture": "#side", "cullface": "west" },
				"east": { "uv": [ 2, 0, 14, 4 ], "texture": "#side" }
			}
		},
		{
			"from": [ 2, 4, 14 ],
			"to": [ 14, 7, 16 ],
			"faces": {
				"down": { "uv": [ 2, 0, 14, 2 ], "texture": "#bottom" },
				"up": { "uv": [ 2, 14, 14, 16 ], "texture": "#bottom" },
				"north": { "uv": [ 2, 9, 14, 12 ], "texture": "#side" },
				"south": { "uv": [ 2, 9, 14, 12 ], "texture": "#side", "cullface": "south" }
			}
		},
		{
			"from": [ 2, 8, 14 ],
			"to": [ 14, 11, 16 ],
			"faces": {
				"down": { "uv": [ 2, 0, 14, 2 ], "texture": "#bottom" },
				"up": { "uv": [ 2, 14, 14, 16 ], "texture": "#bottom" },
				"north": { "uv": [ 2, 5, 14, 8 ], "texture": "#side" },
				"south": { "uv": [ 2, 5, 14, 8 ], "texture": "#side", "cullface": "south" }
			}
		},
		{
			"from": [ 2, 12, 14 ],
			"to": [ 14, 16, 16 ],
			"faces": {
				"down": { "uv": [ 2, 0, 14, 2 ], "texture": "#bottom" },
				"up": { "uv": [ 2, 14, 14, 16 ], "texture": "#bottom", "cullface": "up" },
				"north": { "uv": [ 2, 0, 14, 4 ], "texture": "#side" },
				"south": { "uv": [ 2, 0, 14, 4 ], "texture": "#side", "cullface": "south" }
			}
		},
		{
			"from": [ 14, 4, 2 ],
			"to": [ 16, 7, 14 ],
			"faces": {
				"down": { "uv": [ 14, 2, 16, 14 ], "texture": "#bottom" },
				"up": { "uv": [ 14, 2, 16, 14 ], "texture": "#bottom" },
				"west": { "uv": [ 2, 9, 14, 12 ], "texture": "#side" },
				"east": { "uv": [ 2, 9, 14, 12 ], "texture": "#side", "cullface": "east" }
			}
		},
		{
			"from": [ 14, 8, 2 ],
			"to": [ 16, 11, 14 ],
			"faces": {
				"down": { "uv": [ 14, 2, 16, 14 ], "texture": "#bottom" },
				"up": { "uv": [ 14, 2, 16, 14 ], "texture": "#bottom" },
				"west": { "uv": [ 2, 5, 14, 8 ], "texture": "#side" },
				"east": { "uv": [ 2, 5, 14, 8 ], "texture": "#side", "cullface": "east" }
			}
		},
		{
			"from": [ 14, 12, 2 ],
			"to": [ 16, 16, 14 ],
			"faces": {
				"down": { "uv": [ 14, 2, 16, 14 ], "texture": "#bottom" },
				"up": { "uv": [ 14, 2, 16, 14 ], "texture": "#bottom", "cullface": "up" },
				"west": { "uv": [ 2, 0, 14, 4 ], "texture": "#side" },
				"east": { "uv": [ 2, 0, 14, 4 ], "texture": "#side", "cullface": "east" }
			}
		},
		{
			"from": [ 2, 4, 0 ],
			"to": [ 14, 7, 2 ],
			"faces": {
				"down": { "uv": [ 2, 14, 14, 16 ], "texture": "#bottom" },
				"up": { "uv": [ 2, 0, 14, 2 ], "texture": "#bottom" },
				"north": { "uv": [ 2, 9, 14, 12 ], "texture": "#side", "cullface": "north" },
				"south": { "uv": [ 2, 9, 14, 12 ], "texture": "#side" }
			}
		},
		{
			"from": [ 2, 8, 0 ],
			"to": [ 14, 11, 2 ],
			"faces": {
				"down": { "uv": [ 2, 14, 14, 16 ], "texture": "#bottom" },
				"up": { "uv": [ 2, 0, 14, 2 ], "texture": "#bottom" },
				"north": { "uv": [ 2, 5, 14, 8 ], "texture": "#side", "cullface": "north" },
				"south": { "uv": [ 2, 5, 14, 8 ], "texture": "#side" }
			}
		},
		{
			"from": [ 2, 12, 0 ],
			"to": [ 14, 16, 2 ],
			"faces": {
				"down": { "uv": [ 2, 14, 14, 16 ], "texture": "#bottom" },
				"up": { "uv": [ 2, 0, 14, 2 ], "texture": "#bottom", "cullface": "up" },
				"north": { "uv": [ 2, 0, 14, 4 ], "texture": "#side", "cullface": "north" },
				"south": { "uv": [ 2, 0, 14, 4 ], "texture": "#side" }
			}
		},
		{
			"from": [ 0, 0, 0 ],
			"to": [ 2, 16, 2 ],
			"faces": {
				"up": { "uv": [ 0, 0, 2, 2 ], "texture": "#bottom", "cullface": "up" },
				"north": { "uv": [ 14, 0, 16, 16 ], "texture": "#side", "cullface": "north" },
				"south": { "uv": [ 0, 0, 2, 16 ], "texture": "#side" },
				"west": { "uv": [ 0, 0, 2, 16 ], "texture": "#side", "cullface": "west" },
				"east": { "uv": [ 14, 0, 16, 16 ], "texture": "#side" }
			}
		},
		{
			"from": [ 14, 0, 0 ],
			"to": [ 16, 16, 2 ],
			"faces": {
				"up": { "uv": [ 14, 0, 16, 2 ], "texture": "#bottom", "cullface": "up" },
				"north": { "uv": [ 0, 0, 2, 16 ], "texture": "#side", "cullface": "north" },
				"south": { "uv": [ 14, 0, 16, 16 ], "texture": "#side" },
				"west": { "uv": [ 0, 0, 2, 16 ], "texture": "#side" },
				"east": { "uv": [ 14, 0, 16, 16 ], "texture": "#side", "cullface": "east" }
			}
		},
		{
			"from": [ 14, 0, 14 ],
			"to": [ 16, 16, 16 ],
			"faces": {
				"up": { "uv": [ 14, 14, 16, 16 ], "texture": "#bottom", "cullface": "up" },
				"north": { "uv": [ 0, 0, 2, 16 ], "texture": "#side" },
				"south": { "uv": [ 14, 0, 16, 16 ], "texture": "#side", "cullface": "south" },
				"west": { "uv": [ 14, 0, 16, 16 ], "texture": "#side" },
				"east": { "uv": [ 0, 0, 2, 16 ], "texture": "#side", "cullface": "east" }
			}
		},
		{
			"from": [ 0, 0, 14 ],
			"to": [ 2, 16, 16 ],
			"faces": {
				"up": { "uv": [ 0, 14, 2, 16 ], "texture": "#bottom", "cullface": "up" },
				"north": { "uv": [ 14, 0, 16, 16 ], "texture": "#side" },
				"south": { "uv": [ 0, 0, 2, 16 ], "texture": "#side", "cullface": "south" },
				"west": { "uv": [ 14, 0, 16, 16 ], "texture": "#side", "cullface": "west" },
				"east": { "uv": [ 0, 0, 2, 16 ], "texture": "#side" }
			}
		},
		{
			"from": [ 15.5, 15.5, 15.5 ],
			"to": [ 0.5, 0.5, 0.5 ],
			"faces": {
				"down": { "uv": [ 0.5, 0.5, 15.5, 15.5 ], "texture": "#compost" },
				"north": { "uv": [ 0.5, 15.5, 15.5, 0.5 ], "texture": "#side" },
				"south": { "uv": [ 0.5, 15.5, 15.5, 0.5 ], "texture": "#side" },
				"west": { "uv": [ 0.5, 15.5, 15.5, 0.5 ], "texture": "#side" },
				"east": { "uv": [ 0.5, 15.5, 15.5, 0.5 ], "texture": "#side" }
			}
		}
	]
}