{
	"__comment": "Designed by Sphax with Cubik Studio - https://cubik.studio",
	"textures": {
		"side": "block/composter_side",
		"content": "block/composter_compost"
	},
	"elements": [ 	 
		{
			"from": [ 2, 2, 2 ],
			"to": [ 14, 13, 14 ],
			"faces": {
				"up": { "uv": [ 2, 2, 14, 14 ], "texture": "#content" },
				"north": { "uv": [ 2, 3, 14, 14 ], "texture": "#side" },
				"south": { "uv": [ 2, 3, 14, 14 ], "texture": "#side" },
				"west": { "uv": [ 2, 3, 14, 14 ], "texture": "#side" },
				"east": { "uv": [ 2, 3, 14, 14 ], "texture": "#side" }
			}
		}
	]
}