{
	"__comment": "Designed by Sphax with Cubik Studio for PureBDcraft - https://BDcraft.net",
	"parent": "block/thin_block",
	"ambientocclusion": false,
	"textures": {
		"particle": "#texture",
		"texture": "block/crimson_trapdoor"
	},
	"elements": [ 	 
		{
			"__comment": "Box1",
			"from": [ 0, 0, 14 ],
			"to": [ 16, 3, 16 ],
			"faces": {
				"down": { "uv": [ 16, 2, 0, 0 ], "texture": "#texture" },
				"up": { "uv": [ 0, 16, 16, 14 ], "texture": "#texture" },
				"north": { "uv": [ 0, 13, 16, 16 ], "texture": "#texture" },
				"south": { "uv": [ 0, 13, 16, 16 ], "texture": "#texture" },
				"west": { "uv": [ 0, 0, 3, 2 ], "texture": "#texture", "rotation": 270 },
				"east": { "uv": [ 13, 0, 16, 2 ], "texture": "#texture", "rotation": 90 }
			}
		},
		{
			"__comment": "Box2",
			"from": [ 0, 13, 14 ],
			"to": [ 16, 16, 16 ],
			"faces": {
				"down": { "uv": [ 16, 2.5, 0, 0.5 ], "texture": "#texture" },
				"up": { "uv": [ 0, 0, 16, 2 ], "texture": "#texture" },
				"north": { "uv": [ 0, 0, 16, 3 ], "texture": "#texture" },
				"south": { "uv": [ 0, 0, 16, 3 ], "texture": "#texture" },
				"west": { "uv": [ 13, 0, 16, 2 ], "texture": "#texture", "rotation": 270 },
				"east": { "uv": [ 0, 0, 3, 2 ], "texture": "#texture", "rotation": 90 }
			}
		},
		{
			"__comment": "Box3",
			"from": [ 0, 3, 14 ],
			"to": [ 3, 13, 16 ],
			"faces": {
				"north": { "uv": [ 13, 3, 16, 13 ], "texture": "#texture" },
				"south": { "uv": [ 0, 3, 3, 13 ], "texture": "#texture" },
				"west": { "uv": [ 3, 0, 13, 2 ], "texture": "#texture", "rotation": 270 },
				"east": { "uv": [ 3, 0, 13, 2 ], "texture": "#texture", "rotation": 90 }
			}
		},
		{
			"__comment": "Box4",
			"from": [ 13, 3, 14 ],
			"to": [ 16, 13, 16 ],
			"faces": {
				"north": { "uv": [ 0, 3, 3, 13 ], "texture": "#texture" },
				"south": { "uv": [ 13, 3, 16, 13 ], "texture": "#texture" },
				"west": { "uv": [ 3, 0, 13, 2 ], "texture": "#texture", "rotation": 270 },
				"east": { "uv": [ 3, 0, 13, 2 ], "texture": "#texture", "rotation": 90 }
			}
		},
		{
			"__comment": "Box7",
			"from": [ 3, 9, 14 ],
			"to": [ 13, 12, 16 ],
			"faces": {
				"down": { "uv": [ 13, 2, 3, 0 ], "texture": "#texture" },
				"up": { "uv": [ 3, 3, 13, 1 ], "texture": "#texture" },
				"north": { "uv": [ 3, 4, 13, 7 ], "texture": "#texture" },
				"south": { "uv": [ 3, 4, 13, 7 ], "texture": "#texture" }
			}
		},
		{
			"__comment": "Box7",
			"from": [ 3, 4, 14 ],
			"to": [ 13, 7, 16 ],
			"faces": {
				"down": { "uv": [ 13, 15, 3, 13 ], "texture": "#texture" },
				"up": { "uv": [ 3, 16, 13, 14 ], "texture": "#texture" },
				"north": { "uv": [ 3, 9, 13, 12 ], "texture": "#texture" },
				"south": { "uv": [ 3, 9, 13, 12 ], "texture": "#texture" }
			}
		}
	]
}