{
	"__comment": "Designed by Sphax with Cubik Studio - https://cubik.studio",
	"ambientocclusion": false,
	"textures": {
		"particle": "#bottom",
		"bottom": "block/crimson_door_bottom"
	},
	"elements": [ 	 
		{
			"__comment": "Box1",
			"from": [ 0.5, 0, 0 ],
			"to": [ 2.5, 16, 16 ],
			"faces": {
				"down": { "uv": [ 0, 15.75, 16, 16 ], "texture": "#bottom", "rotation": 270 },
				"north": { "uv": [ 0, 0, 0.25, 16 ], "texture": "#bottom" },
				"south": { "uv": [ 15.75, 0, 16, 16 ], "texture": "#bottom" },
				"west": { "uv": [ 0, 0, 16, 16 ], "texture": "#bottom" },
				"east": { "uv": [ 16, 0, 0, 16 ], "texture": "#bottom" }
			}
		},
		{
			"__comment": "Box3",
			"from": [ 0, 15, 11 ],
			"to": [ 3, 16, 14 ],
			"faces": {
				"down": { "uv": [ 11, 0.75, 14, 1 ], "texture": "#bottom", "rotation": 90 },
				"north": { "uv": [ 11, 0, 11.25, 1 ], "texture": "#bottom" },
				"south": { "uv": [ 13.75, 0, 14, 1 ], "texture": "#bottom" },
				"west": { "uv": [ 11, 0, 14, 1 ], "texture": "#bottom" },
				"east": { "uv": [ 14, 0, 11, 1 ], "texture": "#bottom" }
			}
		},
		{
			"__comment": "Box3",
			"from": [ 0, 6, 0 ],
			"to": [ 3, 11, 16 ],
			"faces": {
				"down": { "uv": [ 0, 9.75, 16, 10 ], "texture": "#bottom", "rotation": 270 },
				"up": { "uv": [ 0, 5, 16, 5.25 ], "texture": "#bottom", "rotation": 270 },
				"north": { "uv": [ 0, 5, 0.25, 10 ], "texture": "#bottom" },
				"south": { "uv": [ 15.75, 5, 16, 10 ], "texture": "#bottom" },
				"west": { "uv": [ 0, 5, 16, 10 ], "texture": "#bottom" },
				"east": { "uv": [ 0, 5, 16, 10 ], "texture": "#bottom" }
			}
		}
	]
}