{
	"__comment": "Designed by Sphax with Cubik Studio - https://cubik.studio",
	"parent": "block/block",
	"textures": {
		"particle": "block/fletching_table_front",
		"top": "block/fletching_table_top",
		"side": "block/fletching_table_side",
		"front": "block/fletching_table_front",
		"bottom": "block/birch_planks"
	},
	"elements": [ 	 
		{
			"from": [ 0, 14, 0 ],
			"to": [ 16, 16, 16 ],
			"faces": {
				"up": { "uv": [ 0, 0, 16, 16 ], "texture": "#top", "cullface": "up" },
				"north": { "uv": [ 0, 0, 16, 2 ], "texture": "#front", "cullface": "north" },
				"south": { "uv": [ 0, 0, 16, 2 ], "texture": "#front", "cullface": "south" },
				"west": { "uv": [ 0, 0, 16, 2 ], "texture": "#side", "cullface": "west" },
				"east": { "uv": [ 0, 0, 16, 2 ], "texture": "#side", "cullface": "east" }
			}
		},
		{
			"from": [ 0, 0, 0 ],
			"to": [ 16, 2, 16 ],
			"faces": {
				"down": { "uv": [ 0, 0, 16, 16 ], "texture": "#bottom", "cullface": "down" },
				"north": { "uv": [ 0, 14, 16, 16 ], "texture": "#front", "cullface": "north" },
				"south": { "uv": [ 0, 14, 16, 16 ], "texture": "#front", "cullface": "south" },
				"west": { "uv": [ 0, 14, 16, 16 ], "texture": "#side", "cullface": "west" },
				"east": { "uv": [ 0, 14, 16, 16 ], "texture": "#side", "cullface": "east" }
			}
		},
		{
			"from": [ 0, 2, 0 ],
			"to": [ 3, 14, 3 ],
			"faces": {
				"north": { "uv": [ 13, 2, 16, 14 ], "texture": "#front", "cullface": "north" },
				"south": { "uv": [ 0, 2, 3, 14 ], "texture": "#front", "cullface": "west" },
				"west": { "uv": [ 0, 2, 3, 14 ], "texture": "#side", "cullface": "west" },
				"east": { "uv": [ 13, 2, 16, 14 ], "texture": "#side", "cullface": "north" }
			}
		},
		{
			"from": [ 13, 2, 0 ],
			"to": [ 16, 14, 3 ],
			"faces": {
				"north": { "uv": [ 0, 2, 3, 14 ], "texture": "#front", "cullface": "north" },
				"south": { "uv": [ 13, 2, 16, 14 ], "texture": "#front", "cullface": "east" },
				"west": { "uv": [ 0, 2, 3, 14 ], "texture": "#side", "cullface": "north" },
				"east": { "uv": [ 13, 2, 16, 14 ], "texture": "#side", "cullface": "east" }
			}
		},
		{
			"from": [ 13, 2, 13 ],
			"to": [ 16, 14, 16 ],
			"faces": {
				"north": { "uv": [ 0, 2, 3, 14 ], "texture": "#front", "cullface": "east" },
				"south": { "uv": [ 13, 2, 16, 14 ], "texture": "#front", "cullface": "south" },
				"west": { "uv": [ 13, 2, 16, 14 ], "texture": "#side", "cullface": "south" },
				"east": { "uv": [ 0, 2, 3, 14 ], "texture": "#side", "cullface": "east" }
			}
		},
		{
			"from": [ 0, 2, 13 ],
			"to": [ 3, 14, 16 ],
			"faces": {
				"north": { "uv": [ 13, 2, 16, 14 ], "texture": "#front", "cullface": "west" },
				"south": { "uv": [ 0, 2, 3, 14 ], "texture": "#front", "cullface": "south" },
				"west": { "uv": [ 13, 2, 16, 14 ], "texture": "#side", "cullface": "west" },
				"east": { "uv": [ 0, 2, 3, 14 ], "texture": "#side", "cullface": "south" }
			}
		},
		{
			"from": [ 1, 2, 1 ],
			"to": [ 15, 14, 15 ],
			"faces": {
				"north": { "uv": [ 1, 2, 15, 14 ], "texture": "#front", "cullface": "north" },
				"south": { "uv": [ 1, 2, 15, 14 ], "texture": "#front", "cullface": "south" },
				"west": { "uv": [ 1, 2, 15, 14 ], "texture": "#side", "cullface": "west" },
				"east": { "uv": [ 1, 2, 15, 14 ], "texture": "#side", "cullface": "east" }
			}
		},
		{
			"from": [ 2, 16, 14 ],
			"to": [ 12, 17, 15 ],
			"faces": {
				"up": { "uv": [ 2, 14, 12, 15 ], "texture": "#top", "cullface": "up" },
				"north": { "uv": [ 2, 14, 12, 15 ], "texture": "#top", "cullface": "up" },
				"south": { "uv": [ 2, 14, 12, 15 ], "texture": "#top", "cullface": "up" },
				"west": { "uv": [ 11, 14, 12, 15 ], "texture": "#top", "cullface": "up", "rotation": 270 },
				"east": { "uv": [ 2, 14, 3, 15 ], "texture": "#top", "cullface": "up", "rotation": 90 }
			}
		},
		{
			"from": [ 5.5, 16, 11.5 ],
			"to": [ 15.5, 17, 12.5 ],
			"rotation": { "origin": [ 5.5, 16, 11.5 ], "axis": "y", "angle": 45 },
			"faces": {
				"up": { "uv": [ 2, 14, 12, 15 ], "texture": "#top", "cullface": "up" },
				"north": { "uv": [ 2, 14, 12, 15 ], "texture": "#top", "cullface": "up" },
				"south": { "uv": [ 2, 14, 12, 15 ], "texture": "#top", "cullface": "up" },
				"west": { "uv": [ 11, 14, 12, 15 ], "texture": "#top", "cullface": "up", "rotation": 270 },
				"east": { "uv": [ 2, 14, 3, 15 ], "texture": "#top", "cullface": "up", "rotation": 90 }
			}
		},
		{
			"from": [ 3, 8, 0.5 ],
			"to": [ 13, 10, 1 ],
			"faces": {
				"down": { "uv": [ 0, 0, 1, 16 ], "texture": "#bottom", "cullface": "north", "rotation": 90 },
				"up": { "uv": [ 0, 0, 1, 16 ], "texture": "#bottom", "cullface": "north", "rotation": 90 },
				"north": { "uv": [ 3, 6, 13, 8 ], "texture": "#front", "cullface": "north" }
			}
		},
		{
			"from": [ 0.5, 3, 3 ],
			"to": [ 1, 13, 13 ],
			"faces": {
				"down": { "uv": [ 3, 3, 3.5, 3.5 ], "texture": "#side", "cullface": "west" },
				"up": { "uv": [ 3, 3, 3.5, 3.5 ], "texture": "#side", "cullface": "west" },
				"west": { "uv": [ 3, 3, 13, 13 ], "texture": "#side", "cullface": "west" }
			}
		},
		{
			"from": [ 15, 3, 3 ],
			"to": [ 15.5, 13, 13 ],
			"faces": {
				"down": { "uv": [ 3, 3, 3.5, 3.5 ], "texture": "#side", "cullface": "east" },
				"up": { "uv": [ 3, 3, 3.5, 3.5 ], "texture": "#side", "cullface": "east" },
				"east": { "uv": [ 3, 3, 13, 13 ], "texture": "#side", "cullface": "east" }
			}
		},
		{
			"from": [ 3, 8, 15 ],
			"to": [ 13, 10, 15.5 ],
			"faces": {
				"down": { "uv": [ 0, 0, 1, 16 ], "texture": "#bottom", "cullface": "south", "rotation": 90 },
				"up": { "uv": [ 0, 0, 1, 16 ], "texture": "#bottom", "cullface": "south", "rotation": 90 },
				"south": { "uv": [ 3, 6, 13, 8 ], "texture": "#front", "cullface": "south" }
			}
		},
		{
			"from": [ 15, 1, 3 ],
			"to": [ 16, 2, 13 ],
			"faces": {
				"up": { "uv": [ 15, 3, 16, 13 ], "texture": "#side", "cullface": "east" }
			}
		},
		{
			"from": [ 0, 1, 3 ],
			"to": [ 1, 2, 13 ],
			"faces": {
				"up": { "uv": [ 0, 3, 1, 13 ], "texture": "#side", "cullface": "west" }
			}
		},
		{
			"from": [ 3, 1, 15 ],
			"to": [ 13, 2, 16 ],
			"faces": {
				"up": { "uv": [ 7, 15, 8, 16 ], "texture": "#side", "cullface": "south" }
			}
		},
		{
			"from": [ 3, 1, 0 ],
			"to": [ 13, 2, 1 ],
			"faces": {
				"up": { "uv": [ 6.5, 0, 7.5, 1 ], "texture": "#side", "cullface": "north" }
			}
		},
		{
			"from": [ 15, 14, 3 ],
			"to": [ 16, 15, 13 ],
			"faces": {
				"down": { "uv": [ 15, 3, 16, 13 ], "texture": "#side", "cullface": "east" }
			}
		},
		{
			"from": [ 0, 14, 3 ],
			"to": [ 1, 15, 13 ],
			"faces": {
				"down": { "uv": [ 0, 3, 1, 13 ], "texture": "#side", "cullface": "west" }
			}
		},
		{
			"from": [ 3, 14, 0 ],
			"to": [ 13, 15, 1 ],
			"faces": {
				"down": { "uv": [ 7, 15, 8, 16 ], "texture": "#side", "cullface": "north" }
			}
		},
		{
			"from": [ 3, 14, 15 ],
			"to": [ 13, 15, 16 ],
			"faces": {
				"down": { "uv": [ 6.5, 0, 7.5, 1 ], "texture": "#side", "cullface": "south" }
			}
		}
	],
	"display": {
		"thirdperson_righthand": {
			"rotation":  [ 75, 45, 0 ],
			"translation":  [ 0, 2.5, 0 ],
			"scale":  [ 0.375, 0.375, 0.375 ]
		},
		"thirdperson_lefthand": {
			"rotation":  [ 75, 45, 0 ],
			"translation":  [ 0, 2.5, 0 ],
			"scale":  [ 0.375, 0.375, 0.375 ]
		},
		"firstperson_righthand": {
			"rotation":  [ 0, 45, 0 ],
			"scale":  [ 0.4, 0.4, 0.4 ]
		},
		"firstperson_lefthand": {
			"rotation":  [ 0, 45, 0 ],
			"scale":  [ 0.4, 0.4, 0.4 ]
		},
		"gui": {
			"rotation":  [ 30, 225, 0 ],
			"scale":  [ 0.625, 0.625, 0.625 ]
		},
		"head": {
			"rotation":  [ 0, 90, 0 ]
		},
		"ground": {
			"translation":  [ 0, 3, 0 ],
			"scale":  [ 0.25, 0.25, 0.25 ]
		},
		"fixed": {
			"scale":  [ 0.5, 0.5, 0.5 ]
		}
	}
}