{
	"__comment": "Designed by Sphax with Cubik Studio - https://cubik.studio",
	"parent": "block/block",
	"textures": {
		"particle": "block/lectern_sides",
		"bottom": "block/oak_planks",
		"base": "block/lectern_base",
		"front": "block/lectern_front",
		"sides": "block/lectern_sides",
		"top": "block/lectern_top"
	},
	"elements": [ 	 
		{
			"from": [ 0, 0, 0 ],
			"to": [ 16, 2, 16 ],
			"faces": {
				"down": { "uv": [ 0, 0, 16, 16 ], "texture": "#bottom", "cullface": "down" },
				"up": { "uv": [ 0, 0, 16, 16 ], "texture": "#base", "rotation": 180 },
				"north": { "uv": [ 0, 14, 16, 16 ], "texture": "#base", "cullface": "north" },
				"south": { "uv": [ 2, 0, 14, 2 ], "texture": "#base", "cullface": "south" },
				"west": { "uv": [ 2, 0, 14, 2 ], "texture": "#base", "cullface": "west" },
				"east": { "uv": [ 2, 0, 14, 2 ], "texture": "#base", "cullface": "east" }
			}
		},
		{
			"from": [ 4, 2, 4 ],
			"to": [ 5, 9, 12 ],
			"faces": {
				"north": { "uv": [ 7, 6, 8, 13 ], "texture": "#front" },
				"west": { "uv": [ 9, 8, 16, 16 ], "texture": "#sides", "rotation": 90 },
				"east": { "uv": [ 8, 6, 0, 13 ], "texture": "#front" }
			}
		},
		{
			"from": [ 0.01, 12, 3 ],
			"to": [ 15.99, 16, 16 ],
			"rotation": { "origin": [ 8, 8, 8 ], "axis": "x", "angle": -22.5 },
			"faces": {
				"down": { "uv": [ 0, 0, 16, 13 ], "texture": "#bottom" },
				"up": { "uv": [ 0, 1, 16, 14 ], "texture": "#top", "rotation": 180 },
				"north": { "uv": [ 0, 0, 16, 4 ], "texture": "#sides" },
				"south": { "uv": [ 0, 0, 16, 4 ], "texture": "#sides" },
				"west": { "uv": [ 16, 4, 0, 8 ], "texture": "#sides" },
				"east": { "uv": [ 0, 4, 16, 8 ], "texture": "#sides" }
			}
		},
		{
			"from": [ 4, 9, 4 ],
			"to": [ 12, 15, 12 ],
			"faces": {
				"down": { "uv": [ 0, 13, 8, 5 ], "texture": "#front" },
				"north": { "uv": [ 0, 0, 8, 6 ], "texture": "#front" },
				"west": { "uv": [ 3, 8, 9, 16 ], "texture": "#sides", "rotation": 90 },
				"east": { "uv": [ 3, 16, 9, 8 ], "texture": "#sides", "rotation": 90 }
			}
		},
		{
			"from": [ 11, 2, 4 ],
			"to": [ 12, 9, 12 ],
			"faces": {
				"north": { "uv": [ 0, 6, 1, 13 ], "texture": "#front" },
				"west": { "uv": [ 0, 6, 8, 13 ], "texture": "#front" },
				"east": { "uv": [ 9, 16, 16, 8 ], "texture": "#sides", "rotation": 90 }
			}
		},
		{
			"from": [ 4, 2, 4 ],
			"to": [ 12, 3, 12 ],
			"faces": {
				"up": { "uv": [ 0, 5, 8, 13 ], "texture": "#front" },
				"north": { "uv": [ 0, 12, 8, 13 ], "texture": "#front" }
			}
		},
		{
			"from": [ 4, 2, 5 ],
			"to": [ 12, 15, 12 ],
			"faces": {
				"north": { "uv": [ 0, 0, 8, 13 ], "texture": "#front" },
				"south": { "uv": [ 8, 0, 16, 13 ], "texture": "#front" }
			}
		},
		{
			"from": [ 4, 13.5, 1.5 ],
			"to": [ 12, 14.5, 2.5 ],
			"rotation": { "origin": [ 4, 13.5, 1.5 ], "axis": "x", "angle": -22.5 },
			"faces": {
				"up": { "uv": [ 4, 13, 12, 12 ], "texture": "#top" },
				"north": { "uv": [ 4, 12, 12, 13 ], "texture": "#top" },
				"south": { "uv": [ 4, 12, 12, 13 ], "texture": "#top" },
				"west": { "uv": [ 11, 13, 12, 12 ], "texture": "#top", "rotation": 270 },
				"east": { "uv": [ 5, 12, 4, 13 ], "texture": "#top", "rotation": 270 }
			}
		}
	],
	"display": {
		"firstperson_righthand": {
			"rotation":  [ 0, 135, 0 ],
			"scale":  [ 0.4, 0.4, 0.4 ]
		}
	}
}