{
	"__comment": "Designed by Sphax with Cubik Studio - https://cubik.studio",
	"parent": "block/block",
	"textures": {
		"particle": "block/loom_top",
		"side": "block/loom_side",
		"front": "block/loom_front",
		"top": "block/loom_top",
		"back": "block/loom_bottom"
	},
	"elements": [ 	 
		{
			"from": [ 0, 6, 0 ],
			"to": [ 16, 8, 16 ],
			"faces": {
				"north": { "uv": [ 0, 8, 16, 10 ], "texture": "#front", "cullface": "north" },
				"south": { "uv": [ 0, 8, 16, 10 ], "texture": "#back", "cullface": "south" },
				"west": { "uv": [ 0, 8, 16, 10 ], "texture": "#side", "cullface": "west" },
				"east": { "uv": [ 0, 8, 16, 10 ], "texture": "#side", "cullface": "east" }
			}
		},
		{
			"from": [ 0, 8, 0 ],
			"to": [ 2, 14, 2 ],
			"faces": {
				"north": { "uv": [ 14, 2, 16, 8 ], "texture": "#front", "cullface": "north" },
				"south": { "uv": [ 0, 2, 2, 8 ], "texture": "#back", "cullface": "west" },
				"west": { "uv": [ 0, 2, 2, 8 ], "texture": "#side", "cullface": "west" }
			}
		},
		{
			"from": [ 2, 18, 8 ],
			"to": [ 14, 19, 9 ],
			"faces": {
				"down": { "uv": [ 1, 7, 15, 8 ], "texture": "#top", "cullface": "up" },
				"up": { "uv": [ 3, 7, 13, 8 ], "texture": "#top", "cullface": "up" },
				"north": { "uv": [ 3, 7, 13, 8 ], "texture": "#top", "cullface": "up" },
				"south": { "uv": [ 3, 7, 13, 8 ], "texture": "#top", "cullface": "up" }
			}
		},
		{
			"from": [ 2, 16, 8 ],
			"to": [ 14, 18, 9 ],
			"faces": {
				"north": { "uv": [ 2, 10, 14, 12 ], "texture": "#front", "cullface": "up" },
				"south": { "uv": [ 2, 10, 14, 12 ], "texture": "#front", "cullface": "up" },
				"west": { "uv": [ 13, 10, 14, 12 ], "texture": "#front", "cullface": "up" },
				"east": { "uv": [ 2, 10, 3, 12 ], "texture": "#front", "cullface": "up" }
			}
		},
		{
			"from": [ -2, 7, -0.5 ],
			"to": [ 0, 9, 1.5 ],
			"rotation": { "origin": [ -2, 7, -0.5 ], "axis": "x", "angle": 45 },
			"faces": {
				"down": { "uv": [ 2, 12, 4, 14 ], "texture": "#front", "cullface": "west" },
				"up": { "uv": [ 2, 12, 4, 14 ], "texture": "#front", "cullface": "west" },
				"north": { "uv": [ 2, 12, 4, 14 ], "texture": "#front", "cullface": "west" },
				"south": { "uv": [ 2, 12, 4, 14 ], "texture": "#front", "cullface": "west" },
				"west": { "uv": [ 2, 12, 4, 14 ], "texture": "#front", "cullface": "west" },
				"east": { "uv": [ 2, 12, 4, 14 ], "texture": "#front", "cullface": "west" }
			}
		},
		{
			"from": [ -1.5, 8.75, -1.5 ],
			"to": [ -0.5, 9.75, 4.5 ],
			"rotation": { "origin": [ -1.5, 8.75, -1.5 ], "axis": "x", "angle": 45 },
			"faces": {
				"down": { "uv": [ 4, 12, 10, 13 ], "texture": "#front", "cullface": "west", "rotation": 90 },
				"up": { "uv": [ 4, 12, 10, 13 ], "texture": "#front", "cullface": "west", "rotation": 270 },
				"north": { "uv": [ 4, 12, 5, 13 ], "texture": "#front", "cullface": "west" },
				"south": { "uv": [ 9, 12, 10, 13 ], "texture": "#front", "cullface": "west" },
				"west": { "uv": [ 4, 12, 10, 13 ], "texture": "#front", "cullface": "west" },
				"east": { "uv": [ 4, 12, 10, 13 ], "texture": "#front", "cullface": "west" }
			}
		},
		{
			"from": [ -2, 5.5, 13.625 ],
			"to": [ 0, 7.5, 15.625 ],
			"rotation": { "origin": [ -2, 7.5, 13.625 ], "axis": "x", "angle": -22.5 },
			"faces": {
				"down": { "uv": [ 2, 12, 4, 14 ], "texture": "#front", "cullface": "west" },
				"up": { "uv": [ 4, 14, 2, 12 ], "texture": "#front", "cullface": "west" },
				"north": { "uv": [ 4, 14, 2, 12 ], "texture": "#front", "cullface": "west" },
				"south": { "uv": [ 2, 12, 4, 14 ], "texture": "#front", "cullface": "west" },
				"west": { "uv": [ 2, 12, 4, 14 ], "texture": "#front", "cullface": "west", "rotation": 90 },
				"east": { "uv": [ 2, 12, 4, 14 ], "texture": "#front", "cullface": "west", "rotation": 270 }
			}
		},
		{
			"from": [ -1.5, 3.5, 13.5 ],
			"to": [ -0.5, 9.5, 14.5 ],
			"rotation": { "origin": [ -1.5, 9.5, 13.5 ], "axis": "x", "angle": -22.5 },
			"faces": {
				"down": { "uv": [ 9, 12, 10, 13 ], "texture": "#front", "cullface": "west" },
				"up": { "uv": [ 5, 13, 4, 12 ], "texture": "#front", "cullface": "west" },
				"north": { "uv": [ 10, 13, 4, 12 ], "texture": "#front", "cullface": "west", "rotation": 90 },
				"south": { "uv": [ 4, 12, 10, 13 ], "texture": "#front", "cullface": "west", "rotation": 270 },
				"west": { "uv": [ 4, 12, 10, 13 ], "texture": "#front", "cullface": "west", "rotation": 90 },
				"east": { "uv": [ 4, 12, 10, 13 ], "texture": "#front", "cullface": "west", "rotation": 270 }
			}
		},
		{
			"from": [ 0, 14, 0 ],
			"to": [ 16, 16, 16 ],
			"faces": {
				"up": { "uv": [ 0, 16, 16, 0 ], "texture": "#top", "cullface": "up" },
				"north": { "uv": [ 0, 0, 16, 2 ], "texture": "#front", "cullface": "north" },
				"south": { "uv": [ 0, 0, 16, 2 ], "texture": "#back", "cullface": "south" },
				"west": { "uv": [ 0, 0, 16, 2 ], "texture": "#side", "cullface": "west" },
				"east": { "uv": [ 0, 0, 16, 2 ], "texture": "#side", "cullface": "east" }
			}
		},
		{
			"from": [ 1, 8, 0 ],
			"to": [ 15, 14, 16 ],
			"faces": {
				"north": { "uv": [ 1, 2, 15, 8 ], "texture": "#front", "cullface": "north" },
				"south": { "uv": [ 1, 2, 15, 8 ], "texture": "#back", "cullface": "south" },
				"west": { "uv": [ 0, 2, 16, 8 ], "texture": "#side", "cullface": "west" },
				"east": { "uv": [ 0, 2, 16, 8 ], "texture": "#side", "cullface": "east" }
			}
		},
		{
			"from": [ 0, 8, 14 ],
			"to": [ 2, 14, 16 ],
			"faces": {
				"north": { "uv": [ 14, 2, 16, 8 ], "texture": "#front", "cullface": "west" },
				"south": { "uv": [ 0, 2, 2, 8 ], "texture": "#back", "cullface": "south" },
				"west": { "uv": [ 14, 2, 16, 8 ], "texture": "#side", "cullface": "west" }
			}
		},
		{
			"from": [ 14, 8, 14 ],
			"to": [ 16, 14, 16 ],
			"faces": {
				"north": { "uv": [ 0, 2, 2, 8 ], "texture": "#front", "cullface": "east" },
				"south": { "uv": [ 14, 2, 16, 8 ], "texture": "#back", "cullface": "south" },
				"east": { "uv": [ 0, 2, 2, 8 ], "texture": "#side", "cullface": "east" }
			}
		},
		{
			"from": [ 14, 8, 0 ],
			"to": [ 16, 14, 2 ],
			"faces": {
				"north": { "uv": [ 0, 2, 2, 8 ], "texture": "#front", "cullface": "north" },
				"south": { "uv": [ 14, 2, 16, 8 ], "texture": "#back", "cullface": "east" },
				"east": { "uv": [ 14, 2, 16, 8 ], "texture": "#side", "cullface": "east" }
			}
		},
		{
			"from": [ 0, 2, 8 ],
			"to": [ 16, 6, 10 ],
			"faces": {
				"north": { "uv": [ 0, 10, 16, 14 ], "texture": "#side", "cullface": "north" },
				"south": { "uv": [ 0, 10, 16, 14 ], "texture": "#side", "cullface": "south" },
				"west": { "uv": [ 8, 10, 10, 14 ], "texture": "#side", "cullface": "west" },
				"east": { "uv": [ 6, 10, 8, 14 ], "texture": "#side", "cullface": "east" }
			}
		},
		{
			"from": [ 9, 2, 2 ],
			"to": [ 14, 2.01, 7 ],
			"faces": {
				"up": { "uv": [ 10, 12, 14, 16 ], "texture": "#front", "cullface": "north" }
			}
		},
		{
			"from": [ 3, 2, 13 ],
			"to": [ 5, 5, 15 ],
			"faces": {
				"up": { "uv": [ 7, 13, 10, 16 ], "texture": "#front", "cullface": "south" },
				"south": { "uv": [ 11, 8, 14, 6 ], "texture": "#back", "cullface": "south", "rotation": 90 },
				"west": { "uv": [ 11, 6, 14, 8 ], "texture": "#back", "cullface": "south", "rotation": 90 },
				"east": { "uv": [ 11, 8, 14, 6 ], "texture": "#back", "cullface": "south", "rotation": 90 }
			}
		},
		{
			"from": [ 5.5, 2, 12 ],
			"to": [ 7.5, 5, 14 ],
			"rotation": { "origin": [ 5.5, 2, 12 ], "axis": "y", "angle": 22.5 },
			"faces": {
				"up": { "uv": [ 7, 13, 10, 16 ], "texture": "#front", "cullface": "south" },
				"south": { "uv": [ 5, 8, 2, 6 ], "texture": "#back", "cullface": "south", "rotation": 90 },
				"west": { "uv": [ 5, 6, 2, 8 ], "texture": "#back", "cullface": "south", "rotation": 90 },
				"east": { "uv": [ 5, 8, 2, 6 ], "texture": "#back", "cullface": "south", "rotation": 90 }
			}
		},
		{
			"from": [ 11.5, 2, 10.5 ],
			"to": [ 13.5, 5, 12.5 ],
			"rotation": { "origin": [ 11.5, 2, 10.5 ], "axis": "y", "angle": -22.5 },
			"faces": {
				"up": { "uv": [ 7, 13, 10, 16 ], "texture": "#front", "cullface": "south" },
				"south": { "uv": [ 11, 8, 14, 6 ], "texture": "#back", "cullface": "south", "rotation": 90 },
				"west": { "uv": [ 11, 6, 14, 8 ], "texture": "#back", "cullface": "south", "rotation": 90 },
				"east": { "uv": [ 11, 8, 14, 6 ], "texture": "#back", "cullface": "south", "rotation": 90 }
			}
		},
		{
			"from": [ 14, 18, 8 ],
			"to": [ 15, 19, 9 ],
			"faces": {
				"down": { "uv": [ 13, 7, 14, 8 ], "texture": "#top", "cullface": "up" },
				"up": { "uv": [ 13, 7, 14, 8 ], "texture": "#top", "cullface": "up" },
				"north": { "uv": [ 14, 7, 13, 8 ], "texture": "#top", "cullface": "up" },
				"south": { "uv": [ 13, 7, 14, 8 ], "texture": "#top", "cullface": "up" },
				"east": { "uv": [ 0, 0, 2, 2 ], "texture": "#front", "cullface": "up" }
			}
		},
		{
			"from": [ 1, 18, 8 ],
			"to": [ 2, 19, 9 ],
			"faces": {
				"down": { "uv": [ 2, 7, 3, 8 ], "texture": "#top", "cullface": "up" },
				"up": { "uv": [ 2, 7, 3, 8 ], "texture": "#top", "cullface": "up" },
				"north": { "uv": [ 3, 7, 2, 8 ], "texture": "#top", "cullface": "up" },
				"south": { "uv": [ 2, 7, 3, 8 ], "texture": "#top", "cullface": "up" },
				"west": { "uv": [ 0, 0, 2, 2 ], "texture": "#front", "cullface": "up" }
			}
		},
		{
			"from": [ 0, 0, 0 ],
			"to": [ 16, 2, 16 ],
			"faces": {
				"down": { "uv": [ 0, 0, 16, 16 ], "texture": "#side", "cullface": "down" },
				"north": { "uv": [ 0, 14, 16, 16 ], "texture": "#side", "cullface": "north" },
				"south": { "uv": [ 0, 14, 16, 16 ], "texture": "#side", "cullface": "south" },
				"west": { "uv": [ 0, 14, 16, 16 ], "texture": "#side", "cullface": "west" },
				"east": { "uv": [ 0, 14, 16, 16 ], "texture": "#side", "cullface": "east" }
			}
		},
		{
			"from": [ 2, 0, 10 ],
			"to": [ 14, 2, 16 ],
			"faces": {
				"up": { "uv": [ 2, 10, 14, 16 ], "texture": "#side", "cullface": "south" }
			}
		},
		{
			"from": [ 2, 0, 0 ],
			"to": [ 14, 2, 8 ],
			"faces": {
				"up": { "uv": [ 2, 0, 14, 8 ], "texture": "#side", "cullface": "north" }
			}
		},
		{
			"from": [ 14, 2, 10 ],
			"to": [ 16, 6, 16 ],
			"faces": {
				"south": { "uv": [ 14, 10, 16, 14 ], "texture": "#side", "cullface": "south" },
				"west": { "uv": [ 10, 10, 16, 14 ], "texture": "#side", "cullface": "south" },
				"east": { "uv": [ 0, 10, 6, 14 ], "texture": "#side", "cullface": "east" }
			}
		},
		{
			"from": [ 0, 2, 10 ],
			"to": [ 2, 6, 16 ],
			"faces": {
				"south": { "uv": [ 0, 10, 2, 14 ], "texture": "#side", "cullface": "south" },
				"west": { "uv": [ 10, 10, 16, 14 ], "texture": "#side", "cullface": "west" },
				"east": { "uv": [ 0, 10, 6, 14 ], "texture": "#side", "cullface": "south" }
			}
		},
		{
			"from": [ 14, 2, 0 ],
			"to": [ 16, 6, 8 ],
			"faces": {
				"north": { "uv": [ 0, 10, 2, 14 ], "texture": "#side", "cullface": "north" },
				"west": { "uv": [ 0, 10, 8, 14 ], "texture": "#side", "cullface": "north" },
				"east": { "uv": [ 8, 10, 16, 14 ], "texture": "#side", "cullface": "east" }
			}
		},
		{
			"from": [ 0, 2, 0 ],
			"to": [ 2, 6, 8 ],
			"faces": {
				"north": { "uv": [ 14, 10, 16, 14 ], "texture": "#side", "cullface": "north" },
				"west": { "uv": [ 0, 10, 8, 14 ], "texture": "#side", "cullface": "west" },
				"east": { "uv": [ 8, 10, 16, 14 ], "texture": "#side", "cullface": "north" }
			}
		},
		{
			"from": [ 0, 14, 2 ],
			"to": [ 1, 16, 14 ],
			"faces": {
				"down": { "uv": [ 2, 1, 14, 0 ], "texture": "#side", "cullface": "west", "rotation": 90 }
			}
		},
		{
			"from": [ 15, 14, 2 ],
			"to": [ 16, 16, 14 ],
			"faces": {
				"down": { "uv": [ 2, 16, 14, 15 ], "texture": "#side", "cullface": "east", "rotation": 90 }
			}
		},
		{
			"from": [ 2, 6, 0 ],
			"to": [ 14, 8, 8 ],
			"faces": {
				"down": { "uv": [ 2, 8, 14, 16 ], "texture": "#side", "cullface": "north" }
			}
		},
		{
			"from": [ 2, 6, 10 ],
			"to": [ 14, 8, 16 ],
			"faces": {
				"down": { "uv": [ 2, 0, 14, 6 ], "texture": "#side", "cullface": "south" }
			}
		},
		{
			"from": [ 0, 6, 2 ],
			"to": [ 1, 8, 14 ],
			"faces": {
				"up": { "uv": [ 2, 0, 14, 1 ], "texture": "#side", "cullface": "west", "rotation": 270 }
			}
		},
		{
			"from": [ 15, 6, 2 ],
			"to": [ 16, 8, 14 ],
			"faces": {
				"up": { "uv": [ 2, 16, 14, 15 ], "texture": "#side", "cullface": "east", "rotation": 90 }
			}
		}
	]
}