{
	"__comment": "Designed by the resident Inuit with BDcraft Cubik PRO 0.95 Beta - http://bdcraft.net",
	"textures": {
		"particle": "block/oak_planks",
		"texture": "block/_bdc/buttons"
	},
	"elements": [ 	 
		{
			"__comment": "Element",
			"from": [ 5, 0, 6 ],
			"to": [ 11, 2, 10 ],
			"faces": {
				"down": { "uv": [ 10, 0, 16, 4 ], "texture": "#texture" },
				"up": { "uv": [ 10, 0, 16, 4 ], "texture": "#texture", "rotation": 180 },
				"north": { "uv": [ 10, 16, 6, 14 ], "texture": "#texture", "rotation": 180 },
				"south": { "uv": [ 6, 14, 10, 16 ], "texture": "#texture", "rotation": 180 },
				"west": { "uv": [ 6, 16, 10, 14 ], "texture": "#texture", "rotation": 180 },
				"east": { "uv": [ 10, 14, 6, 16 ], "texture": "#texture", "rotation": 180 }
			}
		}
	]
}