{
	"__comment": "Designed by Sphax with Cubik Studio for PureBDcraft - https://BDcraft.net",
	"parent": "block/thin_block",
	"ambientocclusion": false,
	"textures": {
		"particle": "#texture",
		"texture": "block/oak_trapdoor",
		"side": "block/_bdc/iron_trapdoor_side",
		"overlay": "block/_bdc/iron_trapdoor_overlay",
		"border": "block/_bdc/iron_trapdoor_border"
	},
	"elements": [ 	 
		{
			"__comment": "Border",
			"from": [ 0, 0, 14 ],
			"to": [ 16, 16, 16 ],
			"faces": {
				"down": { "uv": [ 0, 13.5, 16, 15.5 ], "texture": "#side", "cullface": "down" },
				"up": { "uv": [ 16, 11.5, 0, 9.5 ], "texture": "#side" },
				"north": { "uv": [ 0, 0, 16, 16 ], "texture": "#border" },
				"south": { "uv": [ 0, 0, 16, 16 ], "texture": "#border", "cullface": "south" },
				"west": { "uv": [ 0, 5.5, 16, 7.5 ], "texture": "#side", "cullface": "west", "rotation": 90 },
				"east": { "uv": [ 0, 1.5, 16, 3.5 ], "texture": "#side", "cullface": "east", "rotation": 270 }
			}
		},
		{
			"__comment": "HingeL",
			"from": [ 2.5, -0.125, 13.5 ],
			"to": [ 4.5, 2, 16.5 ],
			"faces": {
				"down": { "uv": [ 2.5, 13, 4.5, 16 ], "texture": "#side", "cullface": "down" },
				"up": { "uv": [ 9.5, 7, 7, 6.5 ], "texture": "#side" },
				"north": { "uv": [ 12, 14, 14, 16 ], "texture": "#overlay" },
				"south": { "uv": [ 2, 14, 4, 16 ], "texture": "#overlay" },
				"west": { "uv": [ 7, 6.5, 9.5, 7 ], "texture": "#side", "rotation": 90 },
				"east": { "uv": [ 7, 6.5, 9.5, 7 ], "texture": "#side", "rotation": 270 }
			}
		},
		{
			"__comment": "HingeR",
			"from": [ 11.5, -0.125, 13.5 ],
			"to": [ 13.5, 2, 16.5 ],
			"faces": {
				"down": { "uv": [ 11.5, 13, 13.5, 16 ], "texture": "#side", "cullface": "down" },
				"up": { "uv": [ 9.5, 7, 7, 6.5 ], "texture": "#side" },
				"north": { "uv": [ 2, 14, 4, 16 ], "texture": "#overlay" },
				"south": { "uv": [ 12, 14, 14, 16 ], "texture": "#overlay" },
				"west": { "uv": [ 7, 6.5, 9.5, 7 ], "texture": "#side", "rotation": 90 },
				"east": { "uv": [ 7, 6.5, 9.5, 7 ], "texture": "#side", "rotation": 270 }
			}
		},
		{
			"__comment": "Wood",
			"from": [ 0.25, 0.25, 14.5 ],
			"to": [ 15.75, 15.75, 15.5 ],
			"faces": {
				"north": { "uv": [ 16, 0, 0, 16 ], "texture": "#texture" },
				"south": { "uv": [ 0, 0, 16, 16 ], "texture": "#texture" }
			}
		},
		{
			"__comment": "RingT",
			"from": [ 4, 6, 16.125 ],
			"to": [ 12, 14, 16.1875 ],
			"faces": {
				"south": { "uv": [ 0, 5, 8, 13 ], "texture": "#overlay", "cullface": "south" }
			}
		},
		{
			"__comment": "Ring2",
			"from": [ 7, 6.5, 16 ],
			"to": [ 9, 9, 16.5 ],
			"faces": {
				"down": { "uv": [ 7, 6.5, 9.5, 7 ], "texture": "#side", "cullface": "south" },
				"up": { "uv": [ 9.5, 7, 7, 6.5 ], "texture": "#side", "cullface": "south" },
				"south": { "uv": [ 3, 10, 5, 12.5 ], "texture": "#overlay", "cullface": "south" },
				"west": { "uv": [ 7, 6.5, 9.5, 7 ], "texture": "#side", "cullface": "south", "rotation": 90 },
				"east": { "uv": [ 7, 6.5, 9.5, 7 ], "texture": "#side", "cullface": "south", "rotation": 270 }
			}
		},
		{
			"__comment": "RingB",
			"from": [ 4, 6, 13.625 ],
			"to": [ 12, 14, 13.6875 ],
			"faces": {
				"north": { "uv": [ 0, 5, 8, 13 ], "texture": "#overlay" }
			}
		},
		{
			"__comment": "Inner",
			"from": [ 2.5, 1.5, 13.9375 ],
			"to": [ 13.5, 2.5, 15.9375 ],
			"faces": {
				"up": { "uv": [ 15.5, 1.98, 14, 0.5 ], "texture": "#overlay" }
			}
		},
		{
			"__comment": "Inner",
			"from": [ 2.5, 13.5, 13.9375 ],
			"to": [ 13.5, 14.5, 15.9375 ],
			"faces": {
				"down": { "uv": [ 14, 14, 15.5, 15.48 ], "texture": "#overlay" }
			}
		},
		{
			"__comment": "Inner",
			"from": [ 13.5, 2.5, 13.9375 ],
			"to": [ 14.5, 13.5, 15.9375 ],
			"faces": {
				"west": { "uv": [ 14, 14, 15.5, 15.48 ], "texture": "#overlay", "rotation": 90 }
			}
		},
		{
			"__comment": "Inner",
			"from": [ 1.5, 2.5, 13.9375 ],
			"to": [ 2.5, 13.5, 15.9375 ],
			"faces": {
				"east": { "uv": [ 14, 14, 15.5, 15.48 ], "texture": "#overlay", "rotation": 270 }
			}
		},
		{
			"__comment": "InnerCorner",
			"from": [ 11.9999, 12.5, 13.9475 ],
			"to": [ 13.4999, 13.5, 15.9275 ],
			"rotation": { "origin": [ 13.5, 12.5, 13.9375 ], "axis": "z", "angle": -45 },
			"faces": {
				"down": { "uv": [ 14, 14, 15.5, 15.48 ], "texture": "#overlay" },
				"north": { "uv": [ 15.5, 15.48, 14, 14 ], "texture": "#overlay" },
				"south": { "uv": [ 14, 14, 15.5, 15.48 ], "texture": "#overlay" }
			}
		},
		{
			"__comment": "InnerCorner",
			"from": [ 12.5, 1.5, 13.9475 ],
			"to": [ 14, 2.5, 15.9275 ],
			"rotation": { "origin": [ 12.5, 2.500003, 13.9375 ], "axis": "z", "angle": 45 },
			"faces": {
				"up": { "uv": [ 15.5, 1.98, 14, 0.5 ], "texture": "#overlay" },
				"north": { "uv": [ 15.5, 1.98, 14, 0.5 ], "texture": "#overlay" },
				"south": { "uv": [ 14, 0.5, 15.5, 1.98 ], "texture": "#overlay" }
			}
		},
		{
			"__comment": "InnerCorner",
			"from": [ 2.5, 12.5, 13.9475 ],
			"to": [ 4, 13.5, 15.9275 ],
			"rotation": { "origin": [ 2.5, 12.5, 13.9375 ], "axis": "z", "angle": 45 },
			"faces": {
				"down": { "uv": [ 14, 14, 15.5, 15.48 ], "texture": "#overlay" },
				"north": { "uv": [ 15.5, 15.48, 14, 14 ], "texture": "#overlay" },
				"south": { "uv": [ 14, 14, 15.5, 15.48 ], "texture": "#overlay" }
			}
		},
		{
			"__comment": "InnerCorner",
			"from": [ 2.5, 2.5, 13.9475 ],
			"to": [ 4, 3.5, 15.9275 ],
			"rotation": { "origin": [ 2.5, 3.500003, 13.9375 ], "axis": "z", "angle": -45 },
			"faces": {
				"up": { "uv": [ 15.5, 15.48, 14, 14 ], "texture": "#overlay" },
				"north": { "uv": [ 15.5, 15.48, 14, 14 ], "texture": "#overlay" },
				"south": { "uv": [ 14, 14, 15.5, 15.48 ], "texture": "#overlay" }
			}
		},
		{
			"__comment": "HandleBottom",
			"from": [ 6.5, 11.5, 16 ],
			"to": [ 9.5, 15.5, 16.5 ],
			"faces": {
				"down": { "uv": [ 7, 6.5, 9.5, 7 ], "texture": "#side", "cullface": "south" },
				"up": { "uv": [ 9.5, 7, 7, 6.5 ], "texture": "#side", "cullface": "south" },
				"south": { "uv": [ 0, 0, 3, 4 ], "texture": "#overlay", "cullface": "south" },
				"west": { "uv": [ 7, 6.5, 9.5, 7 ], "texture": "#side", "cullface": "south", "rotation": 90 },
				"east": { "uv": [ 7, 6.5, 9.5, 7 ], "texture": "#side", "cullface": "south", "rotation": 270 }
			}
		},
		{
			"__comment": "HandleBottom",
			"from": [ 6.5, 11.5, 13.5 ],
			"to": [ 9.5, 15.5, 14 ],
			"faces": {
				"down": { "uv": [ 7, 6.5, 9.5, 7 ], "texture": "#side" },
				"up": { "uv": [ 9.5, 7, 7, 6.5 ], "texture": "#side", "cullface": "north" },
				"north": { "uv": [ 0, 0, 3, 4 ], "texture": "#overlay" },
				"west": { "uv": [ 7, 6.5, 9.5, 7 ], "texture": "#side", "rotation": 90 },
				"east": { "uv": [ 7, 6.5, 9.5, 7 ], "texture": "#side", "rotation": 270 }
			}
		},
		{
			"__comment": "Ring2",
			"from": [ 7, 6.5, 13.5 ],
			"to": [ 9, 9, 14 ],
			"faces": {
				"down": { "uv": [ 7, 6.5, 9.5, 7 ], "texture": "#side" },
				"up": { "uv": [ 9.5, 7, 7, 6.5 ], "texture": "#side" },
				"north": { "uv": [ 3, 10, 5, 12.5 ], "texture": "#overlay" },
				"west": { "uv": [ 7, 6.5, 9.5, 7 ], "texture": "#side", "rotation": 90 },
				"east": { "uv": [ 7, 6.5, 9.5, 7 ], "texture": "#side", "rotation": 270 }
			}
		}
	]
}