{
	"__comment": "Designed by Sphax with Cubik Studio for PureBDcraft - https://BDcraft.net",
	"parent": "block/thin_block",
	"ambientocclusion": false,
	"textures": {
		"particle": "#texture",
		"texture": "block/oak_trapdoor",
		"side": "block/_bdc/iron_trapdoor_side",
		"overlay": "block/_bdc/iron_trapdoor_overlay",
		"border": "block/_bdc/iron_trapdoor_border"
	},
	"elements": [ 	 
		{
			"__comment": "Border",
			"from": [ 0, 0, 0 ],
			"to": [ 16, 2, 16 ],
			"faces": {
				"down": { "uv": [ 16, 16, 0, 0 ], "texture": "#border", "cullface": "down" },
				"up": { "uv": [ 0, 0, 16, 16 ], "texture": "#border" },
				"north": { "uv": [ 0, 9.5, 16, 11.5 ], "texture": "#side", "cullface": "north" },
				"south": { "uv": [ 0, 13.5, 16, 15.5 ], "texture": "#side", "cullface": "south" },
				"west": { "uv": [ 0, 5.5, 16, 7.5 ], "texture": "#side", "cullface": "west" },
				"east": { "uv": [ 0, 1.5, 16, 3.5 ], "texture": "#side", "cullface": "east" }
			}
		},
		{
			"__comment": "HingeL",
			"from": [ 2.5, -0.5, 14 ],
			"to": [ 4.5, 2.5, 16.125 ],
			"faces": {
				"down": { "uv": [ 14, 16, 12, 14 ], "texture": "#overlay" },
				"up": { "uv": [ 2, 14, 4, 16 ], "texture": "#overlay" },
				"north": { "uv": [ 7, 6.5, 9.5, 7 ], "texture": "#side" },
				"south": { "uv": [ 2.5, 13, 4.5, 16 ], "texture": "#side" },
				"west": { "uv": [ 7, 6.5, 9.5, 7 ], "texture": "#side" },
				"east": { "uv": [ 7, 6.5, 9.5, 7 ], "texture": "#side" }
			}
		},
		{
			"__comment": "HingeR",
			"from": [ 11.5, -0.5, 14 ],
			"to": [ 13.5, 2.5, 16.125 ],
			"faces": {
				"down": { "uv": [ 4, 16, 2, 14 ], "texture": "#overlay" },
				"up": { "uv": [ 12, 14, 14, 16 ], "texture": "#overlay" },
				"north": { "uv": [ 7, 6.5, 9.5, 7 ], "texture": "#side" },
				"south": { "uv": [ 11.5, 13, 13.5, 16 ], "texture": "#side" },
				"west": { "uv": [ 7, 6.5, 9.5, 7 ], "texture": "#side" },
				"east": { "uv": [ 7, 6.5, 9.5, 7 ], "texture": "#side" }
			}
		},
		{
			"__comment": "Wood",
			"from": [ 0.25, 0.5, 0.25 ],
			"to": [ 15.75, 1.5, 15.75 ],
			"faces": {
				"down": { "uv": [ 0, 16, 16, 0 ], "texture": "#texture" },
				"up": { "uv": [ 0, 0, 16, 16 ], "texture": "#texture" }
			}
		},
		{
			"__comment": "RingT",
			"from": [ 4, 2.125, 2 ],
			"to": [ 12, 2.1875, 10 ],
			"faces": {
				"up": { "uv": [ 0, 5, 8, 13 ], "texture": "#overlay" }
			}
		},
		{
			"__comment": "Ring2",
			"from": [ 7, 2, 7 ],
			"to": [ 9, 2.5, 9.5 ],
			"faces": {
				"up": { "uv": [ 3, 10, 5, 12.5 ], "texture": "#overlay" },
				"north": { "uv": [ 7, 6.5, 9.5, 7 ], "texture": "#side" },
				"south": { "uv": [ 7, 6.5, 9.5, 7 ], "texture": "#side" },
				"west": { "uv": [ 7, 6.5, 9.5, 7 ], "texture": "#side" },
				"east": { "uv": [ 7, 6.5, 9.5, 7 ], "texture": "#side" }
			}
		},
		{
			"__comment": "RingB",
			"from": [ 4, -0.375, 2 ],
			"to": [ 12, -0.3125, 10 ],
			"faces": {
				"down": { "uv": [ 8, 13, 0, 5 ], "texture": "#overlay", "cullface": "down" }
			}
		},
		{
			"__comment": "Inner",
			"from": [ 2.5, -0.0625, 13.5 ],
			"to": [ 13.5, 1.9375, 14.5 ],
			"faces": {
				"north": { "uv": [ 14, 0.5, 15.5, 1.98 ], "texture": "#overlay" }
			}
		},
		{
			"__comment": "Inner",
			"from": [ 2.5, -0.0625, 1.5 ],
			"to": [ 13.5, 1.9375, 2.5 ],
			"faces": {
				"south": { "uv": [ 14, 14, 15.5, 15.48 ], "texture": "#overlay" }
			}
		},
		{
			"__comment": "Inner",
			"from": [ 13.5, -0.0625, 2.5 ],
			"to": [ 14.5, 1.9375, 13.5 ],
			"faces": {
				"west": { "uv": [ 14, 14, 15.5, 15.48 ], "texture": "#overlay" }
			}
		},
		{
			"__comment": "Inner",
			"from": [ 1.5, -0.0625, 2.5 ],
			"to": [ 2.5, 1.9375, 13.5 ],
			"faces": {
				"east": { "uv": [ 14, 14, 15.5, 15.48 ], "texture": "#overlay" }
			}
		},
		{
			"__comment": "InnerCorner",
			"from": [ 11.9999, -0.0525, 2.5 ],
			"to": [ 13.4999, 1.9275, 3.5 ],
			"rotation": { "origin": [ 13.5, -0.0625, 3.5 ], "axis": "y", "angle": -45 },
			"faces": {
				"down": { "uv": [ 14, 14, 15.5, 15.48 ], "texture": "#overlay" },
				"up": { "uv": [ 14, 14, 15.5, 15.48 ], "texture": "#overlay" },
				"south": { "uv": [ 14, 14, 15.5, 15.48 ], "texture": "#overlay" }
			}
		},
		{
			"__comment": "InnerCorner",
			"from": [ 12.5, -0.0525, 13.5 ],
			"to": [ 14, 1.9275, 14.5 ],
			"rotation": { "origin": [ 12.5, -0.0625, 13.5 ], "axis": "y", "angle": 45 },
			"faces": {
				"down": { "uv": [ 14, 0.5, 15.5, 1.98 ], "texture": "#overlay" },
				"up": { "uv": [ 14, 0.5, 15.5, 1.98 ], "texture": "#overlay" },
				"north": { "uv": [ 14, 0.5, 15.5, 1.98 ], "texture": "#overlay" }
			}
		},
		{
			"__comment": "InnerCorner",
			"from": [ 2.5, -0.0525, 2.5 ],
			"to": [ 4, 1.9275, 3.5 ],
			"rotation": { "origin": [ 2.5, -0.0625, 3.5 ], "axis": "y", "angle": 45 },
			"faces": {
				"down": { "uv": [ 14, 14, 15.5, 15.48 ], "texture": "#overlay" },
				"up": { "uv": [ 14, 14, 15.5, 15.48 ], "texture": "#overlay" },
				"south": { "uv": [ 14, 14, 15.5, 15.48 ], "texture": "#overlay" }
			}
		},
		{
			"__comment": "InnerCorner",
			"from": [ 2.5, -0.0525, 12.5 ],
			"to": [ 4, 1.9275, 13.5 ],
			"rotation": { "origin": [ 2.5, -0.0625, 12.5 ], "axis": "y", "angle": -45 },
			"faces": {
				"down": { "uv": [ 14, 14, 15.5, 15.48 ], "texture": "#overlay" },
				"up": { "uv": [ 14, 14, 15.5, 15.48 ], "texture": "#overlay" },
				"north": { "uv": [ 14, 14, 15.5, 15.48 ], "texture": "#overlay" }
			}
		},
		{
			"__comment": "HandleBottom",
			"from": [ 6.5, 2, 0.5 ],
			"to": [ 9.5, 2.5, 4.5 ],
			"faces": {
				"up": { "uv": [ 0, 0, 3, 4 ], "texture": "#overlay" },
				"north": { "uv": [ 7, 6.5, 9.5, 7 ], "texture": "#side" },
				"south": { "uv": [ 7, 6.5, 9.5, 7 ], "texture": "#side" },
				"west": { "uv": [ 7, 6.5, 9.5, 7 ], "texture": "#side" },
				"east": { "uv": [ 7, 6.5, 9.5, 7 ], "texture": "#side" }
			}
		},
		{
			"__comment": "HandleBottom",
			"from": [ 6.5, -0.5, 0.5 ],
			"to": [ 9.5, 0, 4.5 ],
			"faces": {
				"down": { "uv": [ 3, 4, 0, 0 ], "texture": "#overlay", "cullface": "down" },
				"north": { "uv": [ 7, 6.5, 9.5, 7 ], "texture": "#side", "cullface": "down" },
				"south": { "uv": [ 7, 6.5, 9.5, 7 ], "texture": "#side", "cullface": "down" },
				"west": { "uv": [ 7, 6.5, 9.5, 7 ], "texture": "#side", "cullface": "down" },
				"east": { "uv": [ 7, 6.5, 9.5, 7 ], "texture": "#side", "cullface": "down" }
			}
		},
		{
			"__comment": "Ring2",
			"from": [ 7, -0.5, 7 ],
			"to": [ 9, 0, 9.5 ],
			"faces": {
				"down": { "uv": [ 5, 12.5, 3, 10 ], "texture": "#overlay", "cullface": "down" },
				"north": { "uv": [ 7, 6.5, 9.5, 7 ], "texture": "#side", "cullface": "down" },
				"south": { "uv": [ 7, 6.5, 9.5, 7 ], "texture": "#side", "cullface": "down" },
				"west": { "uv": [ 7, 6.5, 9.5, 7 ], "texture": "#side", "cullface": "down" },
				"east": { "uv": [ 7, 6.5, 9.5, 7 ], "texture": "#side", "cullface": "down" }
			}
		}
	]
}